scrape_timestamp,manufacturer,model,year,km,transmission,color,price,license_plate,gov_manufacturer,gov_tokef_dt,gov_last_test_dt,gov_baalut,zmig_kidmi,zmig_ahori
2025-12-07 05:15:40.486609+00:00,AIWAYS,PRIME U5 חשמלי,2022,64234,אוטומטי,לבן,86900,24639903,איווייס סין,2025-10-01,2024-09-17,ליסינג,235/50R19,235/50R19
2025-12-07 05:15:40.486609+00:00,DS,DS7 GRAND CHIC 2.0,2018,91679,אוטומטי,לבן,88000,43650001,די.אס צרפת,2025-08-01,2024-07-25,חברה,235/50R19V,235/50R19V
2025-12-07 05:15:40.486609+00:00,MG,EHS 1.5 פלאג- אין,2023,101680,אוטומטי,לבן,97900,55487802,מ.ג סין,2025-05-03,2023-05-04,ליסינג,235/50R18,235/50R18
2025-12-07 05:15:40.486609+00:00,MG,EHS 1.5 פלאג- אין,2023,112818,אוטומטי,לבן,89900,55367502,מ.ג סין,2026-01-01,2024-12-09,ליסינג,235/50R18,235/50R18
2025-12-07 05:15:40.486609+00:00,MG,EHS 1.5 פלאג- אין,2023,128222,אוטומטי,לבן,91900,55367002,מ.ג סין,2025-12-31,2024-12-05,ליסינג,235/50R18,235/50R18
2025-12-07 05:15:40.486609+00:00,MG,EHS 1.5 פלאג- אין,2023,44140,אוטומטי,לבן,115900,55486802,מ.ג סין,2026-05-01,2025-04-22,ליסינג,235/50R18,235/50R18
2025-12-07 05:15:40.486609+00:00,MG,EHS 1.5 פלאג- אין,2023,59320,אוטומטי,כסף מטלי,111900,55473902,מ.ג סין,2026-04-02,2025-03-17,ליסינג,235/50R18,235/50R18
2025-12-07 05:15:40.486609+00:00,MG,EHS 1.5 פלאג- אין,2023,82632,אוטומטי,לבן,104900,55367702,מ.ג סין,2025-12-31,2024-11-20,ליסינג,235/50R18,235/50R18
2025-12-07 05:15:40.486609+00:00,MG,EHS 1.5 פלאג- אין,2023,91550,אוטומטי,לבן,100900,55361702,מ.ג סין,2025-12-31,2024-12-01,ליסינג,235/50R18,235/50R18
2025-12-07 05:15:40.486609+00:00,MG,EHS 1.5 פלאג- אין,2023,99681,אוטומטי,לבן,101900,55463002,מ.ג סין,2026-03-22,2025-03-02,ליסינג,235/50R18,235/50R18
2025-12-07 05:15:40.486609+00:00,MG,EHS 1.5 פלאג- אין,2022,100395,אוטומטי,לבן,91900,55214402,מ.ג סין,2025-11-07,2024-10-10,ליסינג,235/50R18,235/50R18
2025-12-07 05:15:40.486609+00:00,MG,EHS 1.5 פלאג- אין,2022,101146,אוטומטי,לבן,91900,55213602,מ.ג סין,2026-11-07,2025-10-16,ליסינג,235/50R18,235/50R18
2025-12-07 05:15:40.486609+00:00,MG,EHS 1.5 פלאג- אין,2022,104900,אוטומטי,לבן,87900,31311602,מ.ג סין,2026-05-01,2025-04-24,ליסינג,235/50R18,235/50R18
2025-12-07 05:15:40.486609+00:00,MG,EHS 1.5 פלאג- אין,2022,113032,אוטומטי,לבן,87900,31335002,מ.ג סין,2025-05-11,2024-04-08,ליסינג,235/50R18,235/50R18
2025-12-07 05:15:40.486609+00:00,MG,EHS 1.5 פלאג- אין,2022,116220,אוטומטי,לבן,87900,31336102,מ.ג סין,2025-05-10,2024-05-01,ליסינג,235/50R18,235/50R18
2025-12-07 05:15:40.486609+00:00,MG,EHS 1.5 פלאג- אין,2022,119381,אוטומטי,שחור מטלי,91900,55212902,מ.ג סין,2025-11-08,2024-10-28,ליסינג,235/50R18,235/50R18
2025-12-07 05:15:40.486609+00:00,MG,EHS 1.5 פלאג- אין,2022,119445,אוטומטי,לבן,91900,55241702,מ.ג סין,2026-11-19,2025-10-20,ליסינג,235/50R18,235/50R18
2025-12-07 05:15:40.486609+00:00,MG,EHS 1.5 פלאג- אין,2022,120319,אוטומטי,כסף מטלי,86900,55280402,מ.ג סין,2025-11-26,2024-10-20,ליסינג,235/50R18,235/50R18
2025-12-07 05:15:40.486609+00:00,MG,EHS 1.5 פלאג- אין,2022,130267,אוטומטי,לבן,83900,31312502,מ.ג סין,2026-05-21,2025-04-23,ליסינג,235/50R18,235/50R18
2025-12-07 05:15:40.486609+00:00,MG,EHS 1.5 פלאג- אין,2022,141225,אוטומטי,שחור מטלי,81900,55213202,מ.ג סין,2025-11-07,2024-10-15,ליסינג,235/50R18,235/50R18
2025-12-07 05:15:40.486609+00:00,MG,EHS 1.5 פלאג- אין,2022,52344,אוטומטי,לבן,104900,55214702,מ.ג סין,2026-11-06,2025-10-19,ליסינג,235/50R18,235/50R18
2025-12-07 05:15:40.486609+00:00,MG,EHS 1.5 פלאג- אין,2022,58885,אוטומטי,לבן,104900,55243402,מ.ג סין,2026-11-19,2025-10-27,ליסינג,235/50R18,235/50R18
2025-12-07 05:15:40.486609+00:00,MG,EHS 1.5 פלאג- אין,2022,74833,אוטומטי,שחור מטלי,94900,31216302,מ.ג סין,2026-03-13,2025-02-18,ליסינג,235/50R18,235/50R18
2025-12-07 05:15:40.486609+00:00,MG,EHS 1.5 פלאג- אין,2022,79582,אוטומטי,שחור מטלי,95900,31335502,מ.ג סין,2026-05-16,2025-05-29,ליסינג,235/50R18,235/50R18
2025-12-07 05:15:40.486609+00:00,MG,EHS 1.5 פלאג- אין,2022,80480,אוטומטי,לבן,92900,55243902,מ.ג סין,2025-11-16,2024-10-29,ליסינג,235/50R18,235/50R18
2025-12-07 05:15:40.486609+00:00,MG,EHS 1.5 פלאג- אין,2022,97491,אוטומטי,לבן,92900,31405802,מ.ג סין,2026-06-11,2025-10-05,ליסינג,235/50R18,235/50R18
2025-12-07 05:15:40.486609+00:00,MG,EHS 1.5 פלאג- אין,2022,99648,אוטומטי,לבן,91900,31335202,מ.ג סין,2026-05-14,2025-05-12,ליסינג,235/50R18,235/50R18
2025-12-07 05:15:40.486609+00:00,טויוטה,קורולה SUN 1.8 סדאן היברידי,2021,104410,אוטומטי,כסף מטלי,85900,66256802,טויוטה טורקיה,2026-08-01,2025-07-23,ליסינג,205/55R16,205/55R16
2025-12-07 05:15:40.486609+00:00,טויוטה,קורולה SUN 1.8 סדאן היברידי,2021,107895,אוטומטי,כסוף כהה מטלי,87900,66339102,טויוטה טורקיה,2026-08-11,2025-07-09,ליסינג,205/55R16,205/55R16
2025-12-07 05:15:40.486609+00:00,טויוטה,קורולה SUN 1.8 סדאן היברידי,2021,111419,אוטומטי,כסף מטלי,90900,66256702,טויוטה טורקיה,2026-08-01,2025-08-01,ליסינג,205/55R16,205/55R16
2025-12-07 05:15:40.486609+00:00,טויוטה,קורולה SUN 1.8 סטיישן,2021,130018,אוטומטי,לבן,86900,65877202,טויוטה אנגליה,2026-06-20,2025-05-20,ליסינג,195/65R15,195/65R15
2025-12-07 05:15:40.486609+00:00,טויטה,CH-R CLUB 1.8 היברידי,2020,117685,אוטומטי,כסוף כהה מטלי,88900,16015602,טויוטה טורקיה,2026-01-25,2025-02-25,סוחר,215/60R17,215/60R17
2025-12-07 05:15:40.486609+00:00,יונדאי,i10 PRIME 1.2,2023,44873,אוטומטי,כסוף כהה מטלי,72900,25484503,יונדאי טורקיה,2026-01-31,2025-01-17,ליסינג,185/55R15,185/55R15
2025-12-07 05:15:40.486609+00:00,יונדאי,i10 PRIME 1.2,2023,68363,אוטומטי,שחור,66900,25485103,יונדאי טורקיה,2026-02-01,2025-01-28,ליסינג,185/55R15,185/55R15
2025-12-07 05:15:40.486609+00:00,יונדאי,i10 PRIME 1.2,2023,73255,אוטומטי,כסף מטלי,66900,25484403,יונדאי טורקיה,2026-01-31,2025-01-20,ליסינג,185/55R15,185/55R15
2025-12-07 05:15:40.486609+00:00,יונדאי,i10 PRIME 1.2,2022,110305,אוטומטי,לבן,57900,87900502,יונדאי טורקיה,2026-04-06,2025-04-01,ליסינג,185/55R15,185/55R15
2025-12-07 05:15:40.486609+00:00,יונדאי,i10 PRIME 1.2,2022,40654,אוטומטי,שחור,66900,11584403,יונדאי טורקיה,2025-06-22,2024-06-13,ליסינג,185/55R15,185/55R15
2025-12-07 05:15:40.486609+00:00,יונדאי,i10 PRIME 1.2,2022,42161,אוטומטי,כסף,66900,16271403,יונדאי טורקיה,2025-08-30,2024-07-24,ליסינג,185/55R15,185/55R15
2025-12-07 05:15:40.486609+00:00,יונדאי,i10 PRIME 1.2,2022,44040,אוטומטי,כסף,66900,11583903,יונדאי טורקיה,2026-06-22,2025-05-26,ליסינג,185/55R15,185/55R15
2025-12-07 05:15:40.486609+00:00,יונדאי,i10 PRIME 1.2,2022,55428,אוטומטי,שחור,63900,11584803,יונדאי טורקיה,2026-06-22,2025-06-27,חברה,185/55R15,185/55R15
2025-12-07 05:15:40.486609+00:00,יונדאי,i10 PRIME PLUS 1.2,2022,38716,אוטומטי,כסף מטלי,70900,88437002,יונדאי טורקיה,2026-05-10,2025-05-07,חברה,185/55R15,185/55R15
2025-12-07 05:15:40.486609+00:00,יונדאי,i10 PRIME PLUS 1.2,2022,53514,אוטומטי,כסוף כהה מטלי,66900,16271003,יונדאי טורקיה,2026-08-30,2025-09-02,ליסינג,185/55R15,185/55R15
2025-12-07 05:15:40.486609+00:00,יונדאי,i20 PRIME 1.0,2023,88917,אוטומטי,אפור מטלי,78900,19327603,יונדאי טורקיה,2025-12-31,2024-12-11,ליסינג,185/65R15,185/65R15
2025-12-07 05:15:40.486609+00:00,יונדאי,i20 PRIME 1.0,2022,105428,אוטומטי,כסף,68900,88430602,יונדאי טורקיה,2026-05-09,2025-04-24,ליסינג,185/65R15,185/65R15
2025-12-07 05:15:40.486609+00:00,יונדאי,i20 PRIME 1.0,2022,131405,אוטומטי,לבן,67900,87939102,יונדאי טורקיה,2026-04-11,2025-03-23,ליסינג,185/65R15,185/65R15
2025-12-07 05:15:40.486609+00:00,יונדאי,i20 PRIME 1.0,2022,97803,אוטומטי,שחור,69900,88429602,יונדאי טורקיה,2026-05-09,2025-05-13,חברה,185/65R15,185/65R15
2025-12-07 05:15:40.486609+00:00,יונדאי,i20 PRIME PLUS 1.0,2023,104085,אוטומטי,לבן,75900,19325003,יונדאי טורקיה,2025-12-31,2024-11-22,ליסינג,185/65R15,185/65R15
2025-12-07 05:15:40.486609+00:00,יונדאי,i20 PRIME PLUS 1.0,2023,18354,אוטומטי,לבן,90900,19324603,יונדאי טורקיה,2025-12-31,2023-01-01,חברה,185/65R15,185/65R15
2025-12-07 05:15:40.486609+00:00,יונדאי,i20 PRIME PLUS FL 1.0,2024,28935,אוטומטי,אפור בהיר,99900,57471603,יונדאי טורקיה,2026-02-05,2024-02-06,חברה,185/65R15,185/65R15
2025-12-07 05:15:40.486609+00:00,יונדאי,PRIME PLUS TUCSON פנאי-שטח בנזין אוטומטי 1999,2018,190799,אוטומטי,לבן,55900,52865501,יונדאי צ'כיה,2026-08-21,2025-08-24,סוחר,215/70R16,215/70R16
2025-12-07 05:15:40.486609+00:00,יונדאי,איוניק PREMIUM 1.6 היברידי,2019,157151,אוטומטי,אפור,70000,77949701,יונדאי קוריאה,2025-07-02,2024-07-15,חברה,225/45R17,225/45R17
2025-12-07 05:15:40.486609+00:00,יונדאי,איוניק PREMIUM FL 1.6 היברידי,2021,63055,אוטומטי,כסף,100900,53881102,,,,,,
2025-12-07 05:15:40.486609+00:00,יונדאי,אלנטרה INSPIRE 1.6,2020,113537,אוטומטי,כסף,61900,27455102,יונדאי קוריאה,2026-08-11,2025-08-19,סוחר,205/55R16,205/55R16
2025-12-07 05:15:40.486609+00:00,יונדאי,טוסון PREMIUM 2.0,2021,104730,אוטומטי,לבן,94900,56349702,יונדאי צ'כיה,2026-07-11,2025-06-10,ליסינג,215/65R17,215/65R17
2025-12-07 05:15:40.486609+00:00,יונדאי,סונטה PREMIUM 2.0 היברידי,2021,100010,אוטומטי,כסף מטלי,98900,19998302,יונדאי קוריאה,2026-04-07,2025-03-11,ליסינג,215/55R17,215/55R17
2025-12-07 05:15:40.486609+00:00,מזדה,2 1.5 DYNAMIC,2023,79640,אוטומטי,לבן,79900,51800703,מזדה תאילנד,2025-11-06,2023-11-07,ליסינג,185/65R15,185/65R15
2025-12-07 05:15:40.486609+00:00,מזדה,2 1.5 DYNAMIC,2022,102517,אוטומטי,זהב,74900,27997803,מזדה תאילנד,2026-10-12,2025-08-26,ליסינג,185/65R15,185/65R15
2025-12-07 05:15:40.486609+00:00,מזדה,2 1.5 DYNAMIC,2022,106436,אוטומטי,זהב,77900,27997603,מזדה תאילנד,2026-10-12,2025-09-10,ליסינג,185/65R15,185/65R15
2025-12-07 05:15:40.486609+00:00,מזדה,2 1.5 DYNAMIC,2022,194544,אוטומטי,לבן,63900,28231903,מזדה תאילנד,2025-11-15,2024-11-13,ליסינג,185/65R15,185/65R15
2025-12-07 05:15:40.486609+00:00,מזדה,2 1.5 DYNAMIC,2022,45439,אוטומטי,כסף,84900,28004503,מזדה תאילנד,2026-10-12,2025-08-17,ליסינג,185/65R15,185/65R15
2025-12-07 05:15:40.486609+00:00,מזדה,2 1.5 DYNAMIC,2022,45546,אוטומטי,כסף,74900,28003403,מזדה תאילנד,2026-10-12,2025-10-05,ליסינג,185/65R15,185/65R15
2025-12-07 05:15:40.486609+00:00,מזדה,2 1.5 DYNAMIC,2022,55002,אוטומטי,כסף,84900,28004303,מזדה תאילנד,2026-10-12,2025-09-12,חברה,185/65R15,185/65R15
2025-12-07 05:15:40.486609+00:00,מזדה,2 1.5 DYNAMIC,2022,59337,אוטומטי,לבן,82900,85085102,מזדה תאילנד,2026-02-28,2025-01-26,ליסינג,185/65R15,185/65R15
2025-12-07 05:15:40.486609+00:00,מזדה,2 1.5 DYNAMIC,2022,60876,,שחור,84900,27995303,מזדה תאילנד,2026-10-12,2025-09-28,ליסינג,185/65R15,185/65R15
2025-12-07 05:15:40.486609+00:00,מזדה,2 1.5 DYNAMIC,2022,86670,אוטומטי,כסף,78900,28006503,מזדה תאילנד,2025-10-12,2024-09-10,ליסינג,185/65R15,185/65R15
2025-12-07 05:15:40.486609+00:00,מזדה,2 1.5 DYNAMIC,2022,89575,אוטומטי,כסף,80900,28003303,מזדה תאילנד,2026-10-12,2025-09-09,ליסינג,185/65R15,185/65R15
2025-12-07 05:15:40.486609+00:00,מזדה,2 1.5 DYNAMIC,2022,92293,אוטומטי,כסף,78900,89752602,מזדה תאילנד,2026-04-12,2025-04-03,ליסינג,185/65R15,185/65R15
2025-12-07 05:15:40.486609+00:00,מזדה,CX-5 SINGATURE 4X4 2.5,2019,29261,אוטומטי,לבן פנינה,132900,60707801,מזדה יפן,2026-11-16,2025-12-03,פרטי,225/55R19,225/55R19
2025-12-07 05:15:40.486609+00:00,מיצובישי,L200 INSTYLE 2.5 סולר תא כפול אוט',2019,93197,אוטומטי,לבן,102900,76879101,מיצובישי תאילנ,2026-05-19,2025-04-27,ליסינג,245/70R16,245/70R16
2025-12-07 05:15:40.486609+00:00,מיצובישי,SUPREME L 200 תא כפול סולר אוטומטי 4X4 2442,2019,107662,אוטומטי,לבן,105900,76890301,מיצובישי תאילנ,2026-05-18,2025-04-03,ליסינג,245/65R17,245/65R17
2025-12-07 05:15:40.486609+00:00,מיצובישי,SUPREME L 200 תא כפול סולר אוטומטי 4X4 2442,2019,71795,אוטומטי,לבן,115900,77323301,מיצובישי תאילנ,2026-09-01,2025-08-11,ליסינג,245/65R17,245/65R17
2025-12-07 05:15:40.486609+00:00,מיצובישי,אאוטלנדר INSTYLE 2.5,2021,111165,אוטומטי,שחור,135900,55769002,מיצובישי יפן,2026-07-12,2025-07-06,סוחר,P255/45R20,P255/45R20
2025-12-07 05:15:40.486609+00:00,מיצובישי,אאוטלנדר INTENSE 2.0,2021,125821,אוטומטי,כסף מטלי,86900,36303002,מיצובישי יפן,2026-04-04,2025-03-27,ליסינג,215/70R16,215/70R16
2025-12-07 05:15:40.486609+00:00,ניסאן,X-TRAIL ACENTA-PLUS 1.3,2021,155752,אוטומטי,כסף מטלי,69900,33328002,ניסאן יפן,2026-05-19,2025-05-19,ליסינג,225/60R18,225/60R18
2025-12-07 05:15:40.486609+00:00,ניסאן,סנטרה SV 2.0,2022,130618,אוטומטי,לבן,68900,21014203,ניסאן מקסיקו,2026-09-14,2025-08-24,ליסינג,205/60R16,205/60R16
2025-12-07 05:15:40.486609+00:00,ניסאן,סנטרה SV 2.0,2022,52477,אוטומטי,לבן,82900,21014403,ניסאן מקסיקו,2025-09-13,2024-09-09,ליסינג,205/60R16,205/60R16
2025-12-07 05:15:40.486609+00:00,ניסאן,סנטרה SV 2.0,2022,61370,אוטומטי,כסף מטלי,82900,12755803,ניסאן מקסיקו,2025-09-12,2024-07-25,ליסינג,205/60R16,205/60R16
2025-12-07 05:15:40.486609+00:00,ניסאן,סנטרה SV 2.0,2022,66392,אוטומטי,לבן,78900,12756103,ניסאן מקסיקו,2026-09-14,2025-08-21,ליסינג,205/60R16,205/60R16
2025-12-07 05:15:40.486609+00:00,סיאט,אטקה STYLE 1.5,2020,114766,אוטומטי,לבן,83900,24703102,סיאט צ'כיה,2026-06-29,2025-06-24,ליסינג,215/55 R17,215/55 R17
2025-12-07 05:15:40.486609+00:00,סיאט,ארונה STYLE 1.0,2021,55763,אוטומטי,אדום כהה יין,88000,44444202,סיאט ספרד,2026-01-07,2024-12-29,פרטי,205/60 R16,205/60 R16
2025-12-07 05:15:40.486609+00:00,סיטרואן,C4 SPACETOURER EXCLUSIVE 1.2,2022,100581,אוטומטי,אפור כהה,64900,13352103,סיטרואן ספרד,2025-06-27,2024-06-18,ליסינג,205/55R17,205/55R17
2025-12-07 05:15:40.486609+00:00,סיטרואן,C4 SPACETOURER EXCLUSIVE 1.2,2022,100846,אוטומטי,אפור כהה,64900,13491703,סיטרואן ספרד,2025-07-26,2024-07-15,ליסינג,205/55R17,205/55R17
2025-12-07 05:15:40.486609+00:00,סיטרואן,C4 SPACETOURER EXCLUSIVE 1.2,2022,100907,אוטומטי,לבן,62900,75044202,סיטרואן ספרד,2025-02-09,2024-01-21,ליסינג,205/55R17,205/55R17
2025-12-07 05:15:40.486609+00:00,סיטרואן,C4 SPACETOURER EXCLUSIVE 1.2,2022,102123,אוטומטי,לבן,64900,13493703,סיטרואן ספרד,2026-07-24,2025-07-21,ליסינג,205/55R17,205/55R17
2025-12-07 05:15:40.486609+00:00,סיטרואן,C4 SPACETOURER EXCLUSIVE 1.2,2022,102303,אוטומטי,אפור כהה,64900,13492203,סיטרואן ספרד,2025-07-26,2024-07-04,ליסינג,205/55R17,205/55R17
2025-12-07 05:15:40.486609+00:00,סיטרואן,C4 SPACETOURER EXCLUSIVE 1.2,2022,103096,אוטומטי,אפור פלדה,64900,13492503,סיטרואן ספרד,2025-07-23,2024-06-24,ליסינג,205/55R17,205/55R17
2025-12-07 05:15:40.486609+00:00,סיטרואן,C4 SPACETOURER EXCLUSIVE 1.2,2022,103136,אוטומטי,אפור כהה,64900,13495203,סיטרואן ספרד,2025-07-24,2024-06-24,ליסינג,205/55R17,205/55R17
2025-12-07 05:15:40.486609+00:00,סיטרואן,C4 SPACETOURER EXCLUSIVE 1.2,2022,103658,אוטומטי,לבן,64900,13785103,סיטרואן ספרד,2025-07-28,2024-06-27,ליסינג,205/55R17,205/55R17
2025-12-07 05:15:40.486609+00:00,סיטרואן,C4 SPACETOURER EXCLUSIVE 1.2,2022,103790,אוטומטי,לבן,64900,13496003,סיטרואן ספרד,2025-07-24,2024-07-04,ליסינג,205/55R17,205/55R17
2025-12-07 05:15:40.486609+00:00,סיטרואן,C4 SPACETOURER EXCLUSIVE 1.2,2022,104222,אוטומטי,אפור כהה,64900,13491203,סיטרואן ספרד,2026-07-26,2025-07-17,ליסינג,205/55R17,205/55R17
2025-12-07 05:15:40.486609+00:00,סיטרואן,C4 SPACETOURER EXCLUSIVE 1.2,2022,106164,אוטומטי,לבן,64900,13493603,סיטרואן ספרד,2025-07-24,2024-06-14,ליסינג,205/55R17,205/55R17
2025-12-07 05:15:40.486609+00:00,סיטרואן,C4 SPACETOURER EXCLUSIVE 1.2,2022,109266,אוטומטי,אפור פלדה,64900,13353203,סיטרואן ספרד,2026-06-25,2025-06-06,ליסינג,205/55R17,205/55R17
2025-12-07 05:15:40.486609+00:00,סיטרואן,C4 SPACETOURER EXCLUSIVE 1.2,2022,111836,אוטומטי,אפור פלדה,64900,13254803,סיטרואן ספרד,2025-06-08,2024-05-23,ליסינג,205/55R17,205/55R17
2025-12-07 05:15:40.486609+00:00,סיטרואן,C4 SPACETOURER EXCLUSIVE 1.2,2022,112113,אוטומטי,לבן,64900,13494703,סיטרואן ספרד,2025-07-24,2024-07-04,ליסינג,205/55R17,205/55R17
2025-12-07 05:15:40.486609+00:00,סיטרואן,C4 SPACETOURER EXCLUSIVE 1.2,2022,112382,אוטומטי,אפור פלדה,64900,13354403,סיטרואן ספרד,2025-06-27,2024-06-14,ליסינג,205/55R17,205/55R17
2025-12-07 05:15:40.486609+00:00,סיטרואן,C4 SPACETOURER EXCLUSIVE 1.2,2022,112414,אוטומטי,אפור פלדה,65900,13808203,סיטרואן ספרד,2025-08-09,2024-08-05,ליסינג,205/55R17,205/55R17
2025-12-07 05:15:40.486609+00:00,סיטרואן,C4 SPACETOURER EXCLUSIVE 1.2,2022,113205,אוטומטי,לבן,64900,13785003,סיטרואן ספרד,2025-07-27,2024-07-01,ליסינג,205/55R17,205/55R17
2025-12-07 05:15:40.486609+00:00,סיטרואן,C4 SPACETOURER EXCLUSIVE 1.2,2022,114410,אוטומטי,לבן,62900,75044702,סיטרואן ספרד,2026-02-09,2025-01-06,ליסינג,205/55R17,205/55R17
2025-12-07 05:15:40.486609+00:00,סיטרואן,C4 SPACETOURER EXCLUSIVE 1.2,2022,114835,אוטומטי,אפור פלדה,64900,13255603,סיטרואן ספרד,2026-06-12,2025-06-09,ליסינג,205/55R17,205/55R17
2025-12-07 05:15:40.486609+00:00,סיטרואן,C4 SPACETOURER EXCLUSIVE 1.2,2022,114897,אוטומטי,אפור פלדה,65900,13808503,סיטרואן ספרד,2026-08-13,2025-07-29,ליסינג,205/55R17,205/55R17
2025-12-07 05:15:40.486609+00:00,סיטרואן,C4 SPACETOURER EXCLUSIVE 1.2,2022,115057,אוטומטי,אפור כהה,64900,13491003,סיטרואן ספרד,2025-07-24,2024-06-20,ליסינג,205/55R17,205/55R17
2025-12-07 05:15:40.486609+00:00,סיטרואן,C4 SPACETOURER EXCLUSIVE 1.2,2022,115068,אוטומטי,אפור כהה,64900,13490703,סיטרואן ספרד,2025-07-25,2024-06-10,ליסינג,205/55R17,205/55R17
2025-12-07 05:15:40.486609+00:00,סיטרואן,C4 SPACETOURER EXCLUSIVE 1.2,2022,116464,אוטומטי,אפור פלדה,64900,13256203,סיטרואן ספרד,2025-06-08,2024-05-30,ליסינג,205/55R17,205/55R17
2025-12-07 05:15:40.486609+00:00,סיטרואן,C4 SPACETOURER EXCLUSIVE 1.2,2022,117735,אוטומטי,אפור כהה,64900,13254103,סיטרואן ספרד,2025-06-08,2024-06-06,ליסינג,205/55R17,205/55R17
2025-12-07 05:15:40.486609+00:00,סיטרואן,C4 SPACETOURER EXCLUSIVE 1.2,2022,117892,אוטומטי,לבן,64900,13494103,סיטרואן ספרד,2026-07-26,2025-06-12,ליסינג,205/55R17,205/55R17
2025-12-07 05:15:40.486609+00:00,סיטרואן,C4 SPACETOURER EXCLUSIVE 1.2,2022,118291,אוטומטי,אפור פלדה,59900,13354603,סיטרואן ספרד,2025-06-27,2024-05-30,ליסינג,205/55R17,205/55R17
2025-12-07 05:15:40.486609+00:00,סיטרואן,C4 SPACETOURER EXCLUSIVE 1.2,2022,118541,אוטומטי,אפור כהה,64900,13253903,סיטרואן ספרד,2025-06-11,2024-05-21,ליסינג,205/55R17,205/55R17
2025-12-07 05:15:40.486609+00:00,סיטרואן,C4 SPACETOURER EXCLUSIVE 1.2,2022,119521,אוטומטי,לבן,64900,13494903,סיטרואן ספרד,2026-07-24,2025-06-29,ליסינג,205/55R17,205/55R17
2025-12-07 05:15:40.486609+00:00,סיטרואן,C4 SPACETOURER EXCLUSIVE 1.2,2022,129681,אוטומטי,לבן,62900,13280803,סיטרואן ספרד,2026-06-18,2025-05-26,ליסינג,205/55R17,205/55R17
2025-12-07 05:15:40.486609+00:00,סיטרואן,C4 SPACETOURER EXCLUSIVE 1.2,2022,70606,אוטומטי,אפור כהה,72900,13807503,סיטרואן ספרד,2025-08-09,2024-07-17,ליסינג,205/55R17,205/55R17
2025-12-07 05:15:40.486609+00:00,סיטרואן,C4 SPACETOURER EXCLUSIVE 1.2,2022,74234,אוטומטי,אפור פלדה,72900,13807903,סיטרואן ספרד,2026-08-09,2025-08-21,ליסינג,205/55R17,205/55R17
2025-12-07 05:15:40.486609+00:00,סיטרואן,C4 SPACETOURER EXCLUSIVE 1.2,2022,84244,אוטומטי,אפור פלדה,72900,13809003,סיטרואן ספרד,2026-08-10,2025-08-20,ליסינג,205/55R17,205/55R17
2025-12-07 05:15:40.486609+00:00,סיטרואן,C4 SPACETOURER EXCLUSIVE 1.2,2022,89152,אוטומטי,אפור כהה,68900,13491603,סיטרואן ספרד,2025-07-24,2024-07-08,ליסינג,205/55R17,205/55R17
2025-12-07 05:15:40.486609+00:00,סיטרואן,C4 SPACETOURER EXCLUSIVE 1.2,2022,90964,אוטומטי,אפור פלדה,66900,75045102,סיטרואן ספרד,2025-02-08,2024-01-25,ליסינג,205/55R17,205/55R17
2025-12-07 05:15:40.486609+00:00,סיטרואן,C4 SPACETOURER EXCLUSIVE 1.2,2022,92889,אוטומטי,אפור כהה,68900,13253603,סיטרואן ספרד,2026-06-13,2025-06-09,ליסינג,205/55R17,205/55R17
2025-12-07 05:15:40.486609+00:00,סיטרואן,C4 SPACETOURER EXCLUSIVE 1.2,2022,94092,אוטומטי,לבן,68900,13493803,סיטרואן ספרד,2025-07-30,2024-06-16,ליסינג,205/55R17,205/55R17
2025-12-07 05:15:40.486609+00:00,סיטרואן,C4 SPACETOURER EXCLUSIVE 1.2,2022,94169,אוטומטי,אפור כהה,68900,13352303,סיטרואן ספרד,2026-06-28,2025-07-01,ליסינג,205/55R17,205/55R17
2025-12-07 05:15:40.486609+00:00,סיטרואן,C4 SPACETOURER EXCLUSIVE 1.2,2022,95227,אוטומטי,אפור פלדה,68900,13492803,סיטרואן ספרד,2026-07-24,2025-06-05,ליסינג,205/55R17,205/55R17
2025-12-07 05:15:40.486609+00:00,סיטרואן,C4 SPACETOURER EXCLUSIVE 1.2,2022,95956,אוטומטי,אפור כהה,68900,13352703,סיטרואן ספרד,2025-06-28,2024-06-05,ליסינג,205/55R17,205/55R17
2025-12-07 05:15:40.486609+00:00,סיטרואן,C4 SPACETOURER EXCLUSIVE 1.2,2022,97141,אוטומטי,לבן,68900,13495703,סיטרואן ספרד,2025-07-28,2024-07-21,ליסינג,205/55R17,205/55R17
2025-12-07 05:15:40.486609+00:00,סיטרואן,C4 SPACETOURER EXCLUSIVE 1.2,2022,97789,אוטומטי,אפור כהה,69900,13806603,סיטרואן ספרד,2026-08-09,2025-07-31,ליסינג,205/55R17,205/55R17
2025-12-07 05:15:40.486609+00:00,סיטרואן,C4 SPACETOURER EXCLUSIVE 1.2,2022,98205,אוטומטי,אפור כהה,68900,13352503,סיטרואן ספרד,2025-06-28,2024-05-20,ליסינג,205/55R17,205/55R17
2025-12-07 05:15:40.486609+00:00,סיטרואן,C4 SPACETOURER EXCLUSIVE 1.2,2022,98438,אוטומטי,אפור כהה,66900,75045002,סיטרואן ספרד,2026-02-09,2025-02-09,ליסינג,205/55R17,205/55R17
2025-12-07 05:15:40.486609+00:00,סיטרואן,C4 SPACETOURER EXCLUSIVE 1.2,2022,99131,אוטומטי,אפור כהה,68900,13352003,סיטרואן ספרד,2025-06-28,2024-05-22,ליסינג,205/55R17,205/55R17
2025-12-07 05:15:40.486609+00:00,סיטרואן,C4 SPACETOURER EXCLUSIVE 1.2,2022,99161,אוטומטי,לבן,66900,84178902,סיטרואן ספרד,2025-03-29,2024-03-05,ליסינג,205/55R17,205/55R17
2025-12-07 05:15:40.486609+00:00,סיטרואן,C4 SPACETOURER EXCLUSIVE 1.2,2022,99217,אוטומטי,אפור כהה,69900,13806303,סיטרואן ספרד,2026-08-09,2025-08-04,ליסינג,205/55R17,205/55R17
2025-12-07 05:15:40.486609+00:00,סיטרואן,C4 SPACETOURER EXCLUSIVE 1.2,2021,113953,אוטומטי,לבן,53900,38997702,סיטרואן ספרד,2026-05-01,2025-04-21,ליסינג,205/55R17,205/55R17
2025-12-07 05:15:40.486609+00:00,סיטרואן,SHINE PACK BERLINGO קומבי סולר אוטומטי 1499,2023,119602,אוטומטי,לבן,100900,14192303,סיטרואן פורטוג,2026-01-04,2024-12-17,ליסינג,205/60R16,205/60R16
2025-12-07 05:15:40.486609+00:00,סיטרואן,SHINE PACK BERLINGO קומבי סולר אוטומטי 1499,2023,184660,אוטומטי,לבן,88900,14192203,סיטרואן פורטוג,2026-01-04,2024-12-12,ליסינג,205/60R16,205/60R16
2025-12-07 05:15:40.486609+00:00,סיטרואן,SHINE PACK BERLINGO קומבי סולר אוטומטי 1499,2023,77882,אוטומטי,לבן,109900,22578703,סיטרואן פורטוג,2026-01-05,2024-12-19,ליסינג,205/60R16,205/60R16
2025-12-07 05:15:40.486609+00:00,סיטרואן,SHINE PACK BERLINGO קומבי סולר אוטומטי 1499,2023,94576,אוטומטי,לבן,96900,22577603,סיטרואן פורטוג,2026-01-04,2024-12-29,ליסינג,205/60R16,205/60R16
2025-12-07 05:15:40.486609+00:00,סיטרואן,SHINE PACK BERLINGO קומבי סולר אוטומטי 1499,2023,95135,אוטומטי,לבן,107900,22770203,סיטרואן ספרד,2026-01-30,2025-01-17,ליסינג,205/60R16,205/60R16
2025-12-07 05:15:40.486609+00:00,סקודה,אוקטביה AMBITION 1.5,2021,132846,אוטומטי,אפור כהה,89900,61114602,סקודה צ'כיה,2026-08-16,2025-07-10,ליסינג,205/55 R17,205/55 R17
2025-12-07 05:15:40.486609+00:00,סקודה,קודיאק AMBITION 1.5,2020,114141,אוטומטי,כסף מטלי,89900,24828702,סקודה צ'כיה,2026-07-05,2025-05-29,סוחר,215/65 R17,215/65 R17
2025-12-07 05:15:40.486609+00:00,פיג'ו,2008 ACTIVE 1.2,2023,101797,אוטומטי,אפור פלדה,79900,22896103,פיג'ו ספרד,2026-02-26,2025-02-18,ליסינג,215/65R16,215/65R16
2025-12-07 05:15:40.486609+00:00,פיג'ו,2008 ACTIVE 1.2,2023,103670,אוטומטי,לבן,79900,22636903,פיג'ו ספרד,2026-01-16,2025-01-15,ליסינג,215/65R16,215/65R16
2025-12-07 05:15:40.486609+00:00,פיג'ו,2008 ACTIVE 1.2,2023,105199,אוטומטי,לבן,79900,22637103,פיג'ו ספרד,2026-01-16,2025-01-19,ליסינג,215/65R16,215/65R16
2025-12-07 05:15:40.486609+00:00,פיג'ו,2008 ACTIVE 1.2,2023,118435,אוטומטי,אפור כהה,79900,35015803,פיג'ו ספרד,2026-03-20,2025-03-06,ליסינג,215/65R16,215/65R16
2025-12-07 05:15:40.486609+00:00,פיג'ו,2008 ACTIVE 1.2,2023,123725,אוטומטי,לבן,76900,48854903,פיג'ו ספרד,2026-05-16,2025-05-12,ליסינג,215/65R16,215/65R16
2025-12-07 05:15:40.486609+00:00,פיג'ו,2008 ACTIVE 1.2,2023,68672,אוטומטי,אפור כהה,87900,35015203,פיג'ו ספרד,2026-03-20,2025-03-11,ליסינג,215/65R16,215/65R16
2025-12-07 05:15:40.486609+00:00,פיג'ו,2008 ACTIVE 1.2,2023,83045,אוטומטי,אפור פלדה,86900,22897703,פיג'ו ספרד,2026-02-25,2025-02-06,ליסינג,215/65R16,215/65R16
2025-12-07 05:15:40.486609+00:00,פיג'ו,2008 ACTIVE 1.2,2023,90578,אוטומטי,אפור כהה,84900,35016203,פיג'ו ספרד,2026-03-20,2025-03-06,ליסינג,215/65R16,215/65R16
2025-12-07 05:15:40.486609+00:00,פיג'ו,2008 ACTIVE 1.2,2023,90678,אוטומטי,אפור פלדה,92900,49087603,פיג'ו ספרד,2026-07-18,2025-06-08,ליסינג,215/65R16,215/65R16
2025-12-07 05:15:40.486609+00:00,פיג'ו,2008 ACTIVE 1.2,2022,58526,אוטומטי,אפור פלדה,79900,84327102,פיג'ו ספרד,2026-03-29,2025-02-13,ליסינג,215/65R16,215/65R16
2025-12-07 05:15:40.486609+00:00,פיג'ו,2008 ACTIVE 1.2,2022,84607,אוטומטי,אפור פלדה,79900,84177502,פיג'ו ספרד,2026-03-28,2025-02-26,ליסינג,215/65R16,215/65R16
2025-12-07 05:15:40.486609+00:00,פיג'ו,3008 ACTIVE 1.2,2023,103975,אוטומטי,שחור מטלי,75900,35150803,פיג'ו צרפת,2026-04-16,2025-03-20,ליסינג,225/55R18,225/55R18
2025-12-07 05:15:40.486609+00:00,פיג'ו,3008 ACTIVE 1.2,2023,92577,אוטומטי,אפור פלדה,80900,35154003,פיג'ו צרפת,2026-04-17,2025-03-27,ליסינג,225/55R18,225/55R18
2025-12-07 05:15:40.486609+00:00,פיג'ו,3008 ACTIVE 1.2,2023,98709,אוטומטי,אפור כהה,80900,48864203,פיג'ו צרפת,2026-05-20,2025-04-08,ליסינג,225/55R18,225/55R18
2025-12-07 05:15:40.486609+00:00,פיג'ו,3008 ACTIVE 1.2,2022,133588,אוטומטי,אפור פלדה,65900,75161602,פיג'ו צרפת,2025-02-22,2024-01-31,ליסינג,225/55R18,225/55R18
2025-12-07 05:15:40.486609+00:00,פיג'ו,3008 ACTIVE 1.2,2022,84022,אוטומטי,לבן,76900,84268002,פיג'ו צרפת,2026-03-29,2025-03-03,ליסינג,225/55R18,225/55R18
2025-12-07 05:15:40.486609+00:00,פיג'ו,3008 ACTIVE 1.2,2022,88604,אוטומטי,לבן,72900,84293502,פיג'ו צרפת,2026-03-29,2025-03-18,ליסינג,225/55R18,225/55R18
2025-12-07 05:15:40.486609+00:00,פיג'ו,3008 ACTIVE 1.2,2022,96299,אוטומטי,לבן,72900,84293202,פיג'ו צרפת,2026-03-29,2025-03-18,ליסינג,225/55R18,225/55R18
2025-12-07 05:15:40.486609+00:00,פיג'ו,3008 ACTIVE 1.5 סולר,2023,184984,אוטומטי,לבן,74900,22665303,פיג'ו צרפת,2026-01-23,2025-01-21,ליסינג,225/55R18,225/55R18
2025-12-07 05:15:40.486609+00:00,פיג'ו,3008 ACTIVE 1.5 סולר,2022,100209,אוטומטי,אפור כהה,78900,84266102,פיג'ו צרפת,2026-03-29,2025-03-09,ליסינג,225/55R18,225/55R18
2025-12-07 05:15:40.486609+00:00,פיג'ו,3008 ACTIVE 1.5 סולר,2022,150739,אוטומטי,אפור פלדה,69900,84267302,פיג'ו צרפת,2026-03-30,2025-03-23,ליסינג,225/55R18,225/55R18
2025-12-07 05:15:40.486609+00:00,פיג'ו,308 SW ACTIVE 1.2 סטיישן,2016,124753,אוטומטי,אפור,17900,4572339,פיג'ו צרפת,2026-07-24,2025-06-26,ליסינג,205/55R16,205/55R16
2025-12-07 05:15:40.486609+00:00,פיג'ו,5008 ACTIVE 1.2,2023,109584,אוטומטי,אפור כהה,88900,23009603,פיג'ו צרפת,2026-03-01,2025-02-05,ליסינג,225/55R18,225/55R18
2025-12-07 05:15:40.486609+00:00,פיג'ו,5008 ACTIVE 1.2,2023,132375,אוטומטי,אפור כהה,85900,23017503,פיג'ו צרפת,2026-02-28,2025-02-02,ליסינג,225/55R18,225/55R18
2025-12-07 05:15:40.486609+00:00,פיג'ו,5008 ACTIVE 1.2,2023,144702,אוטומטי,לבן,80900,23010103,פיג'ו צרפת,2026-02-28,2025-02-19,ליסינג,225/55R18,225/55R18
2025-12-07 05:15:40.486609+00:00,פיג'ו,5008 ACTIVE 1.2,2023,157101,אוטומטי,לבן,78900,23020903,פיג'ו צרפת,2026-02-28,2025-02-19,ליסינג,225/55R18,225/55R18
2025-12-07 05:15:40.486609+00:00,פיג'ו,5008 ACTIVE 1.2,2023,171841,אוטומטי,אפור פלדה,78900,35131103,פיג'ו צרפת,2026-04-08,2025-03-20,ליסינג,225/55R18,225/55R18
2025-12-07 05:15:40.486609+00:00,פיג'ו,5008 ACTIVE 1.2,2023,87233,אוטומטי,אפור כהה,93900,22844203,פיג'ו צרפת,2026-03-05,2025-01-30,ליסינג,225/55R18,225/55R18
2025-12-07 05:15:40.486609+00:00,פיג'ו,5008 ACTIVE 1.2,2023,89777,אוטומטי,אפור פלדה,93900,23010603,פיג'ו צרפת,2026-02-28,2025-02-11,ליסינג,225/55R18,225/55R18
2025-12-07 05:15:40.486609+00:00,פיג'ו,5008 ACTIVE 1.2,2023,89977,אוטומטי,לבן,94900,35131203,פיג'ו צרפת,2026-04-09,2025-03-20,ליסינג,225/55R18,225/55R18
2025-12-07 05:15:40.486609+00:00,פיג'ו,5008 ACTIVE 1.2,2023,92107,אוטומטי,אפור פלדה,93900,22845603,פיג'ו צרפת,2026-03-07,2025-03-04,ליסינג,225/55R18,225/55R18
2025-12-07 05:15:40.486609+00:00,פיג'ו,5008 ACTIVE 1.2,2023,96946,אוטומטי,לבן,93900,22845003,פיג'ו צרפת,2026-03-07,2025-02-27,ליסינג,225/55R18,225/55R18
2025-12-07 05:15:40.486609+00:00,פיג'ו,5008 ACTIVE 1.2,2022,109818,אוטומטי,לבן פנינה,77900,75189502,פיג'ו צרפת,2026-02-27,2025-01-08,ליסינג,225/55R18,225/55R18
2025-12-07 05:15:40.486609+00:00,פיג'ו,5008 ACTIVE 1.2,2022,90018,אוטומטי,לבן פנינה,84900,84502302,פיג'ו צרפת,2026-05-11,2025-05-07,ליסינג,225/55R18,225/55R18
2025-12-07 05:15:40.486609+00:00,פיג'ו,5008 ACTIVE 1.2,2022,92552,אוטומטי,לבן,82900,75189702,פיג'ו צרפת,2026-02-27,2025-01-03,ליסינג,225/55R18,225/55R18
2025-12-07 05:15:40.486609+00:00,פיג'ו,ACTIVE 2008 פנאי-שטח בנזין אוטומטי 1199,2021,78500,אוטומטי,לבן,65000,38834402,פיג'ו ספרד,2026-04-13,2025-04-23,סוחר,215/65R16,215/65R16
2025-12-07 05:15:40.486609+00:00,קיה,ספורטאז' URBAN 1.6,2021,128617,אוטומטי,אפור כהה,69900,74019902,קיה סלובקיה,2025-11-14,2025-03-18,ליסינג,215/70R16,215/70R16
2025-12-07 05:15:40.486609+00:00,קיה,ספורטאז' URBAN 1.6,2021,141982,אוטומטי,לבן,64900,65221402,קיה סלובקיה,2025-08-14,2024-08-08,ליסינג,215/70R16,215/70R16
2025-12-07 05:15:40.486609+00:00,קיה,ספורטאז' URBAN 2.0,2020,104831,אוטומטי,לבן,83900,25781302,קיה סלובקיה,2026-10-24,2025-09-05,ליסינג,225/60R17,225/60R17
2025-12-07 05:15:40.486609+00:00,קיה,ספורטאז' URBAN TOP 1.6,2021,128816,אוטומטי,כסף כהה,83900,40865802,קיה סלובקיה,2026-02-13,2025-02-04,ליסינג,225/60R17,225/60R17
2025-12-07 05:15:40.486609+00:00,קיה,פיקנטו LX 1.2,2024,23197,אוטומטי,לבן,83900,84757703,קיה קוריאה,2026-10-05,2024-10-06,ליסינג,185/55R15,185/55R15
2025-12-07 05:15:40.486609+00:00,קיה,פיקנטו LX 1.2,2024,26441,אוטומטי,כסף,80900,68275503,קיה קוריאה,2026-05-06,2024-05-07,ליסינג,185/55R15,185/55R15
2025-12-07 05:15:40.486609+00:00,קיה,פיקנטו LX 1.2,2022,65542,אוטומטי,לבן,66900,27002403,קיה קוריאה,2026-11-02,2025-10-12,ליסינג,185/55R15,185/55R15
2025-12-07 05:15:40.486609+00:00,קיה,פיקנטו LX 1.2,2022,72144,אוטומטי,לבן,65900,27002703,קיה קוריאה,2026-10-25,2025-09-03,ליסינג,185/55R15,185/55R15
2025-12-07 05:15:40.486609+00:00,קיה,פיקנטו LX 1.2,2022,72250,אוטומטי,אפור,66900,27002103,קיה קוריאה,2026-11-02,2025-10-16,ליסינג,185/55R15,185/55R15
2025-12-07 05:15:40.486609+00:00,קיה,פיקנטו LX 1.2,2022,79502,אוטומטי,לבן,63900,17508003,קיה קוריאה,2026-08-28,2025-07-28,ליסינג,185/55R15,185/55R15
2025-12-07 05:15:40.486609+00:00,קיה,פיקנטו LX 1.2,2022,84451,אוטומטי,כסף,63900,17507803,קיה קוריאה,2026-08-28,2025-07-09,ליסינג,185/55R15,185/55R15
2025-12-07 05:15:40.486609+00:00,קיה,פיקנטו LX 1.2,2022,87737,אוטומטי,אפור,59900,17152303,קיה קוריאה,2026-07-25,2025-07-13,ליסינג,185/55R15,185/55R15
2025-12-07 05:15:40.486609+00:00,קיה,פיקנטו LX PLUS 1.2,2024,24502,אוטומטי,כסף,84900,84891603,קיה קוריאה,2026-10-26,2024-10-27,ליסינג,185/55R15,185/55R15
2025-12-07 05:15:40.486609+00:00,רנו,VAN L2H1 TRAFIC ואן/נוסעים סולר אוטומטי 1997,2021,217113,אוטומטי,לבן,79900,45050402,רנו צרפת,2026-02-24,2025-01-12,ליסינג,215/65R16,215/65R16
2025-12-07 05:15:40.486609+00:00,רנו,מגאן ZEN 1.5,2023,108553,אוטומטי,שנהב לבן,74900,32242403,רנו טורקיה,2026-01-24,2025-01-23,ליסינג,205/55R16,205/55R16
2025-12-07 05:15:40.486609+00:00,רנו,מגאן ZEN 1.5,2023,111467,אוטומטי,לבן,74900,32240603,רנו טורקיה,2026-01-18,2024-12-17,ליסינג,205/55R16,205/55R16
2025-12-07 05:15:40.486609+00:00,רנו,מגאן ZEN 1.5,2023,127029,אוטומטי,לבן,72900,32242203,רנו טורקיה,2026-01-28,2025-01-16,ליסינג,205/55R16,205/55R16
2025-12-07 05:15:40.486609+00:00,רנו,מגאן ZEN 1.5,2023,158687,אוטומטי,לבן,66900,32242603,רנו טורקיה,2026-02-04,2025-02-11,ליסינג,205/55R16,205/55R16
2025-12-07 05:15:40.486609+00:00,רנו,מגאן ZEN 1.5,2023,81405,אוטומטי,לבן,83900,32241403,רנו טורקיה,2026-01-08,2024-12-19,ליסינג,205/55R16,205/55R16
2025-12-07 05:15:40.486609+00:00,רנו,מגאן ZEN 1.5,2023,82878,אוטומטי,לבן,83900,32240703,רנו טורקיה,2026-01-18,2024-12-17,ליסינג,205/55R16,205/55R16
2025-12-07 05:15:40.486609+00:00,רנו,מגאן ZEN 1.5,2023,99785,אוטומטי,לבן,79900,32240803,רנו טורקיה,2026-01-11,2024-12-18,ליסינג,205/55R16,205/55R16
2025-12-07 05:15:40.486609+00:00,רנו,מגאן ZEN 1.5,2022,107404,אוטומטי,לבן,71900,12251503,רנו טורקיה,2025-10-18,2024-10-01,ליסינג,205/55R16,205/55R16
2025-12-07 05:15:40.486609+00:00,רנו,מגאן ZEN 1.5,2022,117541,אוטומטי,לבן,71900,12237703,רנו טורקיה,2025-10-02,2024-09-22,ליסינג,205/55R16,205/55R16
2025-12-07 05:15:40.486609+00:00,רנו,מגאן ZEN 1.5,2022,119043,אוטומטי,לבן,70900,12185403,רנו טורקיה,2025-09-11,2024-09-11,ליסינג,205/55R16,205/55R16
2025-12-07 05:15:40.486609+00:00,רנו,מגאן ZEN 1.5,2022,168705,אוטומטי,לבן,62900,12238803,רנו טורקיה,2025-10-05,2024-09-23,ליסינג,205/55R16,205/55R16
2025-12-07 05:15:40.486609+00:00,רנו,מגאן ZEN 1.5,2022,56240,אוטומטי,לבן,77900,12185303,רנו טורקיה,2026-09-11,2025-08-25,ליסינג,205/55R16,205/55R16
2025-12-07 05:15:40.486609+00:00,רנו,מגאן ZEN 1.5,2022,77198,אוטומטי,לבן,79900,12251403,רנו טורקיה,2026-10-18,2025-09-21,ליסינג,205/55R16,205/55R16
2025-12-07 05:15:40.486609+00:00,רנו,מגאן ZEN 1.5,2021,187120,אוטומטי,כסף,36900,42547002,רנו ספרד,2026-01-06,2025-01-07,סוחר,205/55R16,205/55R16
2025-12-07 05:15:40.486609+00:00,רנו,קלואס INTENSE 1.3,2022,64659,אוטומטי,אפור מטלי,89900,12255903,רנו ד.קוריאה,2025-10-24,2024-08-28,ליסינג,225/55R19,225/55R19
2025-12-07 05:15:40.486609+00:00,רנו,קלואס INTENSE 1.3,2022,74230,אוטומטי,שחור,84900,12255203,רנו ד.קוריאה,2026-10-24,2025-09-25,ליסינג,225/55R19,225/55R19
2025-12-07 05:15:40.486609+00:00,רנו,קלואס INTENSE 1.3,2022,79353,אוטומטי,אפור מטלי,84900,12255303,רנו ד.קוריאה,2026-10-24,2025-09-04,ליסינג,225/55R19,225/55R19
2025-12-07 05:15:40.486609+00:00,רנו,קלואס INTENSE 1.3,2022,87392,אוטומטי,שחור מטלי,86900,12255703,רנו ד.קוריאה,2025-10-19,2024-10-07,ליסינג,225/55R19,225/55R19
2025-12-07 05:15:40.486609+00:00,שברולט,איקווינוקס LT PLUS 1.5,2023,110596,אוטומטי,לבן,88900,80475302,שברולט מקסיקו,2026-01-16,2025-01-15,ליסינג,225/65R17,225/65R17
2025-12-07 05:15:40.486609+00:00,שברולט,איקווינוקס LT PLUS 1.5,2022,124498,אוטומטי,לבן,75900,80242702,שברולט מקסיקו,2026-08-06,2025-07-13,ליסינג,225/65R17,225/65R17
2025-12-07 05:15:40.486609+00:00,שברולט,איקווינוקס LT PLUS 1.5,2022,129639,אוטומטי,שחור,81900,80242902,שברולט מקסיקו,2025-08-03,2024-07-29,ליסינג,225/65R17,225/65R17
2025-12-07 05:15:40.486609+00:00,שברולט,איקווינוקס LT PLUS 1.5,2022,62480,אוטומטי,שחור,98900,80242802,שברולט מקסיקו,2026-08-03,2025-07-23,ליסינג,225/65R17,225/65R17
2025-12-07 05:15:40.486609+00:00,שברולט,איקווינוקס LT PLUS 1.5,2022,81555,אוטומטי,לבן,93900,80242602,שברולט מקסיקו,2026-08-06,2025-08-05,ליסינג,225/65R17,225/65R17
2025-12-07 05:15:40.486609+00:00,שברולט,טרייל בלייזר LS 1.3,2022,78977,אוטומטי,לבן,81900,80249802,שברולט ד.קוריא,2026-07-31,2025-07-02,ליסינג,225/60R17,225/60R17
2025-12-07 05:15:40.486609+00:00,שברולט,טרייל בלייזר LT PLUS 1.3,2023,57657,אוטומטי,לבן,91900,80543002,שברולט ד.קוריא,2026-01-08,2025-01-16,ליסינג,225/60R17,225/60R17
2025-12-07 05:15:40.486609+00:00,שברולט,טרייל בלייזר LT PLUS 1.3,2023,77898,אוטומטי,לבן,87900,80547902,שברולט ד.קוריא,2026-01-08,2024-12-02,ליסינג,225/60R17,225/60R17
2025-12-07 05:15:40.486609+00:00,שברולט,טרייל בלייזר LT PLUS 1.3,2023,78172,אוטומטי,לבן,87900,80544902,שברולט ד.קוריא,2026-01-07,2024-11-24,ליסינג,225/60R17,225/60R17
2025-12-07 05:15:40.486609+00:00,שברולט,טרייל בלייזר LT PLUS 1.3,2023,81363,אוטומטי,שחור מטלי,87900,80550202,שברולט ד.קוריא,2026-01-07,2024-11-26,ליסינג,225/60R17,225/60R17
2025-12-07 05:15:40.486609+00:00,שברולט,טרייל בלייזר LT PLUS 1.3,2023,87132,אוטומטי,שחור מטלי,84900,80549702,שברולט ד.קוריא,2026-01-07,2024-11-27,ליסינג,225/60R17,225/60R17
2025-12-07 05:15:40.486609+00:00,שברולט,טרייל בלייזר LT PLUS 1.3,2023,93127,אוטומטי,לבן,84900,80543502,שברולט ד.קוריא,2026-01-07,2025-01-01,ליסינג,225/60R17,225/60R17
2025-12-07 05:15:40.486609+00:00,שברולט,טרייל בלייזר LT PLUS 1.3,2022,101527,אוטומטי,שחור מטלי,77900,80379402,שברולט ד.קוריא,2026-09-28,2025-09-04,ליסינג,225/60R17,225/60R17
2025-12-07 05:15:40.486609+00:00,שברולט,טרייל בלייזר LT PLUS 1.3,2022,102992,אוטומטי,שחור מטלי,77900,80339302,שברולט ד.קוריא,2026-09-20,2025-08-13,ליסינג,225/60R17,225/60R17
2025-12-07 05:15:40.486609+00:00,שברולט,טרייל בלייזר LT PLUS 1.3,2022,116870,אוטומטי,לבן,75900,51989902,שברולט ד.קוריא,2026-06-28,2025-05-07,ליסינג,225/60R17,225/60R17
2025-12-07 05:15:40.486609+00:00,שברולט,טרייל בלייזר LT PLUS 1.3,2022,117961,אוטומטי,שחור מטלי,77900,80378902,שברולט ד.קוריא,2026-09-28,2025-08-05,ליסינג,225/60R17,225/60R17
2025-12-07 05:15:40.486609+00:00,שברולט,טרייל בלייזר LT PLUS 1.3,2022,119419,אוטומטי,שחור מטלי,75900,80158002,שברולט ד.קוריא,2025-06-27,2024-06-06,ליסינג,225/60R17,225/60R17
2025-12-07 05:15:40.486609+00:00,שברולט,טרייל בלייזר LT PLUS 1.3,2022,119422,אוטומטי,לבן,75900,51991402,שברולט ד.קוריא,2026-06-14,2025-05-22,ליסינג,225/60R17,225/60R17
2025-12-07 05:15:40.486609+00:00,שברולט,טרייל בלייזר LT PLUS 1.3,2022,128730,אוטומטי,שחור מטלי,72900,80354002,שברולט ד.קוריא,2026-09-20,2025-08-04,ליסינג,225/60R17,225/60R17
2025-12-07 05:15:40.486609+00:00,שברולט,טרייל בלייזר LT PLUS 1.3,2022,130088,אוטומטי,שחור מטלי,71900,51901902,שברולט ד.קוריא,2026-05-28,2025-06-04,ליסינג,225/60R17,225/60R17
2025-12-07 05:15:40.486609+00:00,שברולט,טרייל בלייזר LT PLUS 1.3,2022,136304,אוטומטי,לבן,68900,80249902,שברולט ד.קוריא,2026-07-31,2025-07-01,ליסינג,225/60R17,225/60R17
2025-12-07 05:15:40.486609+00:00,שברולט,טרייל בלייזר LT PLUS 1.3,2022,155827,אוטומטי,אפור מטלי,66900,80354902,שברולט ד.קוריא,2026-09-19,2025-07-31,ליסינג,225/60R17,225/60R17
2025-12-07 05:15:40.486609+00:00,שברולט,טרייל בלייזר LT PLUS 1.3,2022,168453,אוטומטי,שחור מטלי,66900,80339202,שברולט ד.קוריא,2026-09-20,2025-08-17,ליסינג,225/60R17,225/60R17
2025-12-07 05:15:40.486609+00:00,שברולט,טרייל בלייזר LT PLUS 1.3,2022,50000,אוטומטי,אפור מטלי,81900,80354502,שברולט ד.קוריא,2026-09-20,2025-07-29,ליסינג,225/60R17,225/60R17
2025-12-07 05:15:40.486609+00:00,שברולט,טרייל בלייזר LT PLUS 1.3,2022,63960,אוטומטי,שחור מטלי,87900,80379302,שברולט ד.קוריא,2026-09-28,2025-08-04,ליסינג,225/60R17,225/60R17
2025-12-07 05:15:40.486609+00:00,שברולט,טרייל בלייזר LT PLUS 1.3,2022,67466,אוטומטי,אפור מטלי,83900,80354302,שברולט ד.קוריא,2026-09-20,2025-08-06,ליסינג,225/60R17,225/60R17
2025-12-07 05:15:40.486609+00:00,שברולט,טרייל בלייזר LT PLUS 1.3,2022,70033,אוטומטי,שחור מטלי,77900,80353902,שברולט ד.קוריא,2025-09-20,2024-08-13,ליסינג,225/60R17,225/60R17
2025-12-07 05:15:40.486609+00:00,שברולט,טרייל בלייזר LT PLUS 1.3,2022,70422,אוטומטי,אפור מטלי,83900,80354602,שברולט ד.קוריא,2026-09-19,2025-08-18,ליסינג,225/60R17,225/60R17
2025-12-07 05:15:40.486609+00:00,שברולט,טרייל בלייזר LT PLUS 1.3,2022,72832,אוטומטי,אפור מטלי,83900,80354802,שברולט ד.קוריא,2026-09-19,2025-08-06,ליסינג,225/60R17,225/60R17
2025-12-07 05:15:40.486609+00:00,שברולט,טרייל בלייזר LT PLUS 1.3,2022,78692,אוטומטי,שחור מטלי,83900,80379502,שברולט ד.קוריא,2026-09-28,2025-08-20,ליסינג,225/60R17,225/60R17
2025-12-07 05:15:40.486609+00:00,שברולט,טרייל בלייזר LT PLUS 1.3,2022,82463,אוטומטי,שחור מטלי,83900,80379002,שברולט ד.קוריא,2026-09-28,2025-08-10,ליסינג,225/60R17,225/60R17
2025-12-07 05:15:40.486609+00:00,שברולט,טרייל בלייזר LT PLUS 1.3,2022,88158,אוטומטי,אפור מטלי,80900,80379802,שברולט ד.קוריא,2026-09-28,2025-08-28,ליסינג,225/60R17,225/60R17
2025-12-07 05:15:40.486609+00:00,שברולט,טרייל בלייזר LT PLUS 1.3,2022,89559,אוטומטי,אפור מטלי,80900,80379902,שברולט ד.קוריא,2026-09-28,2025-08-21,ליסינג,225/60R17,225/60R17
2025-12-07 05:15:40.486609+00:00,שברולט,טרייל בלייזר LT PLUS 1.3,2022,91510,אוטומטי,שחור מטלי,80900,80378802,שברולט ד.קוריא,2026-09-28,2025-08-06,ליסינג,225/60R17,225/60R17
2025-12-07 05:15:40.486609+00:00,שברולט,טרייל בלייזר LTZ 1.3,2023,103425,אוטומטי,לבן,83900,80548902,שברולט ד.קוריא,2026-01-10,2025-01-01,ליסינג,225/60R17,225/60R17
2025-12-07 05:15:40.486609+00:00,שברולט,טרייל בלייזר LTZ 1.3,2022,112447,אוטומטי,לבן,74900,80320702,שברולט ד.קוריא,2026-09-10,2025-09-09,ליסינג,225/60R17,225/60R17
2025-12-07 05:15:40.486609+00:00,שברולט,סוואנה TRAVEL קצר 2.8 אוט',2021,101608,אוטומטי,לבן,119900,51590802,,,,,,
