manufacturer,model,year,km,transmission,color,price,license_plate,gov_manufacturer,gov_tokef_dt,gov_last_test_dt,gov_baalut,zmig_kidmi,zmig_ahori
וולבו,XC40P6 ULTIMATE חשמלי,2022,33920,אוטומטי,כסף,180900,72360602,וולבו בלגיה,2025-11-06,2024-10-15,ליסינג,235/50R19,255/45R19
לקסוס,TAKOMI 2.0 UX250H,2023,56331,אוטומטי,לבן,176900,38233103,לקסוס יפן,2026-01-11,2024-12-24,ליסינג,215/60R17,215/60R17
צ'רי,TIGGO 8 NOBEL PRO 1.6,2024,16796,,שחור מטלי,156900,11342004,צ'רי סין,2026-10-05,2024-10-06,ליסינג,235/55R18,235/55R18
סקודה,איניאק LOUNGE חשמלי,2023,57200,אוטומטי,אפור,152900,49303903,סקודה צ'כיה,2026-05-20,2025-05-07,ליסינג,235/55 R19,255/50 R19
קיה,סורנטו URBAN 2.5,2023,75757,אוטומטי,לבן,149900,54774403,קיה קוריאה,2026-08-12,2025-07-03,ליסינג,235/60R18,235/60R18
מיצובישי,L200 INSTYLE 2.2 סולר תא כפול אוט',2022,33918,אוטומטי,לבן,146900,76392202,מיצובישי תאילנ,2026-02-07,2025-01-26,ליסינג,245/70R16 RF,245/70R16 RF
יונדאי,טוסון LUXURY 1.6,2023,26627,אוטומטי,שחור,145900,19550903,יונדאי צ'כיה,2025-12-31,2024-12-05,ליסינג,235/55R18,235/55R18
יונדאי,סונטה LIMITED 2.0 היברידי,2023,79895,אוטומטי,אפור מטלי,144900,25202103,יונדאי קוריאה,2026-01-08,2024-12-19,ליסינג,215/55R17,215/55R17
קיה,נירו LX 1.6 היברידי,2024,59931,,שחור,144900,84661503,קיה קוריאה,2026-09-23,2024-09-24,ליסינג,205/60R16,205/60R16
יונדאי,טוסון LUXURY 1.6,2022,43121,אוטומטי,לבן,142900,11477603,יונדאי צ'כיה,2026-06-07,2025-05-21,ליסינג,235/55R18,235/55R18
מיצובישי,אאוטלנדר PREMIUM 2.5,2023,118993,אוטומטי,כחול,141900,25431403,מיצובישי יפן,2026-02-19,2025-03-19,ליסינג,P255/45R20,P255/45R20
קיה,ספורטאז' URBAN 1.6,2024,78691,אוטומטי,כסף,141900,84537203,קיה סלובקיה,2026-09-08,2024-09-09,ליסינג,215/65R17,215/65R17
מיצובישי,אאוטלנדר PREMIUM 2.5,2023,102282,אוטומטי,אדום,140900,25477803,מיצובישי יפן,2026-01-23,2024-12-10,ליסינג,P255/45R20,P255/45R20
מיצובישי,אאוטלנדר INSTYLE 2.5,2023,103194,אוטומטי,לבן,139900,25431703,מיצובישי יפן,2026-01-18,2024-12-22,ליסינג,P255/45R20,P255/45R20
יונדאי,טוסון LUXURY 1.6,2023,86172,אוטומטי,אפור,137900,19591503,יונדאי צ'כיה,2025-12-31,2024-11-25,ליסינג,235/55R18,235/55R18
קיה,סורנטו EX 2.5,2022,132188,אוטומטי,אפור בהיר,137900,81896002,קיה קוריאה,2026-02-28,2025-02-13,ליסינג,235/60R18,235/60R18
יונדאי,טוסון ELITE 1.6,2022,73663,אוטומטי,לבן,136900,11172103,יונדאי צ'כיה,2026-05-31,2025-05-14,ליסינג,235/50R19,235/50R19
מיצובישי,אאוטלנדר PREMIUM 2.5,2022,109615,אוטומטי,כסף מטלי,133900,16669903,מיצובישי יפן,2026-10-30,2025-09-04,ליסינג,P255/45R20,P255/45R20
סיאט,אטקה STYLE 1.5,2024,85132,אוטומטי,לבן,131900,72120603,סיאט צ'כיה,2026-02-18,2024-02-19,ליסינג,215/55 R17,215/55 R17
סקודה,אוקטביה AMBITION 1.5,2024,20068,אוטומטי,אפור כהה,131900,76979603,סקודה צ'כיה,2026-06-16,2024-06-17,ליסינג,205/55 R17,205/55 R17
סקודה,סופרב AMBITION FL 2.0,2023,72448,אוטומטי,לבן,130900,58706103,סקודה צ'כיה,2025-10-29,2023-10-30,ליסינג,215/55 R17,215/55 R17
סקודה,סופרב AMBITION FL 2.0,2023,81970,אוטומטי,לבן,130900,58706003,סקודה צ'כיה,2025-10-29,2023-10-30,ליסינג,215/55 R17,215/55 R17
יונדאי,סונטה PRESTIGE 2.0 היברידי,2023,79922,אוטומטי,אפור מטלי כהה,127900,25204903,יונדאי קוריאה,2026-01-08,2024-12-06,ליסינג,215/55R17,215/55R17
טויוטה,קורולה SUN 1.8 היברידי,2024,28470,אוטומטי,לבן,125900,66907803,טויוטה טורקיה,2026-01-01,2024-01-02,ליסינג,205/55R16,205/55R16
יונדאי,טוסון ELITE 1.6,2022,79875,אוטומטי,לבן,125900,89637102,יונדאי צ'כיה,2026-05-22,2025-05-08,ליסינג,235/50R19,235/50R19
יונדאי,טוסון PRESTIGE 1.6,2023,98107,אוטומטי,אפור,124900,54113603,יונדאי צ'כיה,2026-11-05,2025-10-20,ליסינג,215/65R17,215/65R17
סקודה,קודיאק AMBITION FL 1.5,2023,128800,אוטומטי,אפור,124900,40306103,סקודה צ'כיה,2026-02-11,2025-02-06,ליסינג,215/65 R17,215/65 R17
צ'רי,TIGGO 8 NOBEL PRO 1.6,2023,88415,אוטומטי,שחור מטלי,124900,33060503,צ'רי סין,2026-02-15,2025-02-09,ליסינג,235/55R18,235/55R18
צ'רי,TIGGO 8 NOBEL PRO 1.6,2023,96955,אוטומטי,אפור מטלי,124900,33062003,צ'רי סין,2026-02-25,2025-01-27,ליסינג,235/55R18,235/55R18
יונדאי,טוסון PRESTIGE 1.6,2023,67558,אוטומטי,אפור,123900,19700903,יונדאי צ'כיה,2026-01-01,2024-12-11,ליסינג,215/65R17,215/65R17
יונדאי,סונטה PRESTIGE 2.0 היברידי,2022,79004,אוטומטי,אפור מטלי,123900,63286602,יונדאי קוריאה,2026-01-14,2025-01-08,ליסינג,215/55R17,215/55R17
מזדה,CX-5 EXECUTIVE 2.0,2023,80600,אוטומטי,לבן ארקטי,123900,39513303,מזדה יפן,2026-01-02,2024-11-24,ליסינג,225/55R19,225/55R19
קיה,ספורטאז' URBAN 2.0,2022,38060,אוטומטי,אפור כהה,123900,27227603,קיה סלובקיה,2026-11-19,2025-11-17,ליסינג,215/65R17,215/65R17
מזדה,CX-5 EXECUTIVE 2.0,2022,69696,אוטומטי,לבן,121900,15541903,מזדה יפן,2026-06-28,2025-06-26,ליסינג,225/55R19,225/55R19
סקודה,אוקטביה AMBITION 1.5,2024,78649,אוטומטי,לבן,121900,64014703,סקודה צ'כיה,2026-03-25,2024-03-26,ליסינג,205/55 R17,205/55 R17
קיה,ספורטאז' URBAN TOP 1.6,2022,76930,אוטומטי,שחור,121900,26729703,קיה סלובקיה,2026-09-27,2025-08-25,ליסינג,215/65R17,215/65R17
קיה,ספורטאז' URBAN TOP 1.6,2022,84813,אוטומטי,כסף,121900,17567403,קיה סלובקיה,2026-08-31,2025-07-28,ליסינג,215/65R17,215/65R17
יונדאי,איוניק 5 SUPREME חשמלי,2022,61912,אוטומטי,שחור,119900,88186202,יונדאי קוריאה,2026-05-07,2025-04-29,ליסינג,235/55R19,235/55R19
BYD,ATTO3 COMFORT חשמלי,2024,35550,,אפור כהה,118900,70216703,בי ווי די,2026-03-02,2024-03-03,ליסינג,235/50 R18,235/50 R18
וולבו,XC40 MOMENTUM T3 1.5,2022,73326,אוטומטי,שחור,118900,72271402,וולבו בלגיה,2026-06-21,2025-06-08,ליסינג,235/55R18,235/55R18
מזדה,CX-5 COMFORT 2.0,2023,98370,אוטומטי,לבן,117900,34572903,מזדה יפן,2026-01-02,2024-12-16,ליסינג,225/55R19,225/55R19
מזדה,3 COMFORT 2.O,2024,21262,אוטומטי,לבן,116900,69294803,מזדה יפן,2026-02-18,2024-02-19,ליסינג,205/60R16,205/60R16
מזדה,3 COMFORT 2.O,2024,32279,אוטומטי,לבן,116900,73662603,מזדה יפן,2026-03-04,2024-03-05,ליסינג,205/60R16,205/60R16
מזדה,CX-30 COMFORT 2.0,2023,83856,אוטומטי,לבן,116900,34574703,מזדה יפן,2026-12-31,2025-11-17,ליסינג,215/55R18,215/55R18
מזדה,CX-5 EXECUTIVE 2.0,2022,94586,אוטומטי,שחור,116900,24515703,מזדה יפן,2026-09-13,2025-08-07,ליסינג,225/55R19,225/55R19
קיה,נירו פלוס LX 1.6 פלאג- אין הייבריד,2023,35484,אוטומטי,אפור,116900,35373203,קיה קוריאה,2026-02-04,2025-01-26,ליסינג,215/55R17,215/55R17
BYD,ATTO3 COMFORT חשמלי,2024,46265,אוטומטי,אפור כהה,115900,63552103,בי ווי די,2026-01-01,2024-01-02,ליסינג,235/50 R18,235/50 R18
טויוטה,יאריס ECO 1.5 היברידי,2024,58209,אוטומטי,אפור מטלי כהה,115900,74205803,טויוטה צרפת,2026-05-22,2024-05-23,ליסינג,185/65R15,185/65R15
יונדאי,טוסון PRESTIGE 1.6,2023,76723,אוטומטי,כסף מטלי,114900,19700803,יונדאי צ'כיה,2026-01-01,2024-11-28,ליסינג,215/65R17,215/65R17
מזדה,CX-5 EXECUTIVE 2.0,2022,103535,אוטומטי,שחור,113900,28159203,מזדה יפן,2026-10-29,2025-09-03,ליסינג,225/55R19,225/55R19
סקודה,אוקטביה AMBITION 1.5,2023,91732,אוטומטי,שחור מטלי,113900,60601303,סקודה צ'כיה,2025-11-19,2023-11-20,ליסינג,205/55 R17,205/55 R17
קיה,ספורטאז' URBAN 2.0,2022,59738,אוטומטי,לבן,113900,27318703,קיה סלובקיה,2026-11-26,2025-11-11,ליסינג,215/65R17,215/65R17
יונדאי,איוניק 5 SUPREME חשמלי,2022,92422,אוטומטי,לבן,112900,15910303,יונדאי קוריאה,2025-08-03,2024-07-24,ליסינג,235/55R19,235/55R19
קיה,נירו פלוס LX 1.6 פלאג- אין הייבריד,2023,55537,אוטומטי,לבן,112900,35374703,קיה קוריאה,2026-02-04,2025-02-03,ליסינג,215/55R17,215/55R17
קיה,נירו פלוס LX 1.6 פלאג- אין הייבריד,2023,57580,אוטומטי,כסף,112900,36142903,קיה קוריאה,2026-03-28,2025-02-16,ליסינג,215/55R17,215/55R17
צ'רי,TIGOO 7 PRO COMFORT 1.6,2023,93849,אוטומטי,אפור מטלי,111900,32907203,צ'רי סין,2026-01-24,2025-01-22,ליסינג,225/60R18,225/60R18
קיה,נירו פלוס EX 1.6 פלאג- אין הייבריד,2023,104470,אוטומטי,לבן,111900,44362003,קיה קוריאה,2026-06-17,2025-07-09,ליסינג,215/55R17,215/55R17
קיה,ספורטאז' URBAN 2.0,2022,75208,אוטומטי,כסף,111900,27193803,קיה סלובקיה,2026-11-16,2025-10-19,ליסינג,215/65R17,215/65R17
קיה,ספורטאז' URBAN 2.0,2022,83865,אוטומטי,שחור,111900,27191303,קיה סלובקיה,2026-11-12,2025-10-28,ליסינג,215/65R17,215/65R17
יונדאי,קונה PREMIUM 1.6 היברידי,2023,111955,אוטומטי,אפור מטלי,110900,25203103,יונדאי קוריאה,2026-01-08,2024-12-18,ליסינג,205/60R16,205/60R16
קיה,נירו פלוס LX 1.6 פלאג- אין הייבריד,2022,40030,אוטומטי,שחור,110900,26834503,קיה קוריאה,2025-10-23,2024-09-22,ליסינג,215/55R17,215/55R17
טויוטה,קורולה SUN 1.8 היברידי,2024,93041,אוטומטי,כסף,109900,67275403,טויוטה טורקיה,2026-02-03,2024-02-04,ליסינג,205/55R16,205/55R16
יונדאי,אלנטרה PREMIUM 1.6 היברידי,2023,80636,אוטומטי,כסף כהה,109900,34071903,יונדאי קוריאה,2026-05-07,2025-05-05,ליסינג,205/55R16,205/55R16
יונדאי,אלנטרה PREMIUM 1.6 היברידי,2022,57127,אוטומטי,לבן,109900,12112203,יונדאי קוריאה,2026-09-21,2025-09-11,ליסינג,205/55R16,205/55R16
יונדאי,טוסון PRESTIGE 1.6,2022,65182,אוטומטי,אפור,109900,16278203,יונדאי צ'כיה,2026-08-30,2025-08-21,ליסינג,215/65R17,215/65R17
טויוטה,קורולה SUN 1.8 סדאן היברידי,2022,57465,אוטומטי,כסף מטלי,108900,22139003,טויוטה טורקיה,2025-11-16,2024-11-12,ליסינג,205/55R16,205/55R16
יונדאי,אלנטרה PREMIUM 1.6 היברידי,2023,83229,אוטומטי,שחור מטלי,108900,19979303,יונדאי קוריאה,2026-01-25,2024-12-18,ליסינג,205/55R16,205/55R16
יונדאי,אלנטרה PREMIUM 1.6 היברידי,2022,40732,אוטומטי,לבן,108900,15787203,יונדאי קוריאה,2026-10-23,2025-09-14,ליסינג,205/55R16,205/55R16
מזדה,CX-5 COMFORT 2.0,2023,131146,אוטומטי,לבן,108900,34573203,מזדה יפן,2026-01-02,2024-12-09,ליסינג,225/55R19,225/55R19
קיה,נירו פלוס LX 1.6 פלאג- אין הייבריד,2023,76439,אוטומטי,כסף,108900,44122603,קיה קוריאה,2026-06-10,2025-05-26,ליסינג,215/55R17,215/55R17
קיה,נירו פלוס LX 1.6 פלאג- אין הייבריד,2022,60547,אוטומטי,שחור,107900,27057003,קיה קוריאה,2026-11-14,2025-11-02,ליסינג,215/55R17,215/55R17
יונדאי,אלנטרה PREMIUM 1.6 היברידי,2023,95622,אוטומטי,לבן,106900,54201003,יונדאי קוריאה,2026-08-26,2025-08-06,ליסינג,205/55R16,205/55R16
קיה,נירו פלוס LX 1.6 פלאג- אין הייבריד,2023,81460,אוטומטי,כסף,106900,35371503,קיה קוריאה,2026-01-10,2024-12-12,ליסינג,215/55R17,215/55R17
קיה,נירו פלוס LX 1.6 פלאג- אין הייבריד,2023,82565,אוטומטי,לבן,106900,35374903,קיה קוריאה,2026-02-04,2025-02-02,ליסינג,215/55R17,215/55R17
קיה,נירו פלוס LX 1.6 פלאג- אין הייבריד,2022,46906,אוטומטי,לבן,106900,26655903,קיה קוריאה,2026-09-18,2025-09-18,ליסינג,215/55R17,215/55R17
קיה,נירו פלוס LX 1.6 פלאג- אין הייבריד,2022,57802,אוטומטי,לבן,106900,26690803,קיה קוריאה,2026-10-05,2025-09-30,ליסינג,215/55R17,215/55R17
קיה,נירו פלוס LX 1.6 פלאג- אין הייבריד,2022,64276,אוטומטי,כסף,106900,26655103,קיה קוריאה,2026-09-18,2025-08-25,ליסינג,215/55R17,215/55R17
קיה,ספורטאז' URBAN 2.0,2023,68489,אוטומטי,שחור,106900,35439003,קיה סלובקיה,2026-01-21,2024-12-23,ליסינג,215/65R17,215/65R17
טויוטה,קורולה SUN 1.8 סטיישן,2022,49624,אוטומטי,כסף מטלי,105900,86820602,טויוטה אנגליה,2026-03-12,2025-02-27,ליסינג,195/65R15,195/65R15
יונדאי,אלנטרה PREMIUM 1.6 היברידי,2023,95549,אוטומטי,שחור מטלי,105900,34263403,יונדאי קוריאה,2026-06-20,2025-05-28,ליסינג,205/55R16,205/55R16
טויוטה,קורולה SUN 1.8 סדאן היברידי,2022,71436,אוטומטי,לבן,104900,21890503,טויוטה טורקיה,2026-10-18,2025-09-28,ליסינג,205/55R16,205/55R16
טויוטה,קורולה SUN 1.8 סדאן היברידי,2022,80552,אוטומטי,לבן,104900,21890003,טויוטה טורקיה,2026-10-18,2025-09-21,ליסינג,205/55R16,205/55R16
יונדאי,אלנטרה PREMIUM 1.6 היברידי,2023,88935,אוטומטי,לבן,104900,19983303,יונדאי קוריאה,2026-01-21,2024-12-25,ליסינג,205/55R16,205/55R16
יונדאי,אלנטרה PREMIUM 1.6 היברידי,2022,69922,אוטומטי,שחור מטלי,104900,15785003,יונדאי קוריאה,2026-10-23,2025-09-04,ליסינג,205/55R16,205/55R16
יונדאי,אלנטרה PREMIUM 1.6 היברידי,2022,77150,אוטומטי,שחור מטלי,103900,12038003,יונדאי קוריאה,2025-08-02,2024-07-22,ליסינג,205/55R16,205/55R16
מיצובישי,אקליפס קרוס INTENSE 1.5,2022,44913,אוטומטי,שחור,103900,15805503,מיצובישי יפן,2026-10-26,2025-09-28,ליסינג,P225/55R18,P225/55R18
קיה,סלטוס URBAN 2.0,2022,27312,אוטומטי,אפור כהה,103900,17319603,קיה קוריאה,2026-08-09,2025-07-22,ליסינג,215/55R17,215/55R17
טויוטה,קורולה SUN 1.8 סדאן היברידי,2022,79675,אוטומטי,שחור מטלי,102900,87138102,טויוטה טורקיה,2026-03-29,2025-03-06,ליסינג,205/55R16,205/55R16
יונדאי,טוסון PREMIUM 2.0,2022,100517,אוטומטי,לבן,102900,16276903,יונדאי צ'כיה,2026-08-30,2025-07-27,ליסינג,215/65R17,215/65R17
יונדאי,טוסון PREMIUM 2.0,2022,110873,אוטומטי,שחור,102900,11870303,יונדאי צ'כיה,2026-07-13,2025-07-16,ליסינג,215/65R17,215/65R17
קיה,נירו פלוס LX 1.6 פלאג- אין הייבריד,2023,88701,אוטומטי,לבן,102900,35375003,קיה קוריאה,2026-02-04,2025-02-03,ליסינג,215/55R17,215/55R17
קיה,נירו פלוס LX 1.6 פלאג- אין הייבריד,2023,90264,אוטומטי,לבן,102900,35766303,קיה קוריאה,2026-02-28,2025-02-25,ליסינג,215/55R17,215/55R17
קיה,ספורטאז' URBAN 2.0,2022,106909,אוטומטי,שחור,102900,27191603,קיה סלובקיה,2025-11-12,2024-11-11,ליסינג,215/65R17,215/65R17
קיה,ספורטאז' URBAN 2.0,2022,109510,אוטומטי,אפור כהה,102900,27003803,קיה סלובקיה,2026-10-25,2025-09-01,ליסינג,215/65R17,215/65R17
קיה,ספורטאז' URBAN 2.0,2022,114576,אוטומטי,לבן,102900,27317803,קיה סלובקיה,2026-11-26,2025-11-06,ליסינג,215/65R17,215/65R17
BYD,דולפין - חשמלי,2024,19978,אוטומטי,אפור,101900,82936203,בי ווי די,2026-09-07,2024-09-08,ליסינג,205/50 R17,205/50 R17
טויוטה,קורולה SUN 1.8 סדאן היברידי,2022,94789,אוטומטי,כסף מטלי,101900,22138703,טויוטה טורקיה,2025-11-19,2024-10-30,ליסינג,205/55R16,205/55R16
יונדאי,אלנטרה PREMIUM 1.6 היברידי,2023,100282,אוטומטי,לבן,101900,34215303,יונדאי קוריאה,2026-05-31,2025-04-28,ליסינג,205/55R16,205/55R16
יונדאי,אלנטרה PREMIUM 1.6 היברידי,2022,81827,אוטומטי,אפור מטלי,101900,78657402,יונדאי קוריאה,2026-03-13,2025-03-25,ליסינג,205/55R16,205/55R16
יונדאי,אלנטרה PREMIUM 1.6 היברידי,2022,82040,אוטומטי,כסף כהה,101900,78543602,יונדאי קוריאה,2026-02-14,2025-02-09,ליסינג,205/55R16,205/55R16
יונדאי,טוסון PREMIUM 2.0,2023,111409,אוטומטי,אפור,101900,19328703,יונדאי צ'כיה,2025-12-31,2024-11-27,ליסינג,215/65R17,215/65R17
קיה,נירו פלוס LX 1.6 פלאג- אין הייבריד,2022,65944,אוטומטי,כסף,101900,26834903,קיה קוריאה,2026-10-29,2025-09-04,ליסינג,215/55R17,215/55R17
קיה,נירו פלוס LX 1.6 פלאג- אין הייבריד,2022,67492,אוטומטי,שחור,101900,27056903,קיה קוריאה,2026-11-08,2025-10-29,ליסינג,215/55R17,215/55R17
קיה,נירו פלוס LX 1.6 פלאג- אין הייבריד,2022,74899,אוטומטי,שחור,101900,26834603,קיה קוריאה,2026-10-24,2025-09-15,ליסינג,215/55R17,215/55R17
קיה,נירו פלוס LX 1.6 פלאג- אין הייבריד,2022,82109,אוטומטי,כסף,101900,26835303,קיה קוריאה,2025-10-29,2024-09-16,ליסינג,215/55R17,215/55R17
קיה,סלטוס URBAN 2.0,2023,53865,אוטומטי,לבן פנינה,101900,36148903,קיה קוריאה,2026-04-01,2025-03-18,ליסינג,215/55R17,215/55R17
קיה,סלטוס URBAN 2.0,2023,70747,אוטומטי,אפור כהה,101900,35834703,קיה קוריאה,2026-03-05,2025-02-24,ליסינג,215/55R17,215/55R17
קיה,סלטוס URBAN 2.0,2023,74621,אוטומטי,לבן,101900,43623603,קיה קוריאה,2026-03-26,2025-03-11,ליסינג,215/55R17,215/55R17
GEELY,GEOMETRY C 460 חשמלי,2022,44440,אוטומטי,לבן,100900,24165203,גילי סין,2026-09-12,2025-07-30,ליסינג,225/45R18,225/45R18
טויוטה,קורולה SUN 1.8 סדאן היברידי,2022,57802,אוטומטי,שחור מטלי,100900,21744003,טויוטה טורקיה,2026-09-18,2025-08-04,ליסינג,205/55R16,205/55R16
טויוטה,קורולה SUN 1.8 סטיישן,2022,86473,אוטומטי,כסף מטלי,100900,86819502,טויוטה אנגליה,2026-03-08,2025-02-17,ליסינג,195/65R15,195/65R15
יונדאי,אלנטרה PREMIUM 1.6 היברידי,2023,114663,אוטומטי,לבן,100900,24980403,יונדאי קוריאה,2026-04-03,2025-03-17,ליסינג,205/55R16,205/55R16
קיה,נירו פלוס LX 1.6 פלאג- אין הייבריד,2022,78199,אוטומטי,לבן פנינה,100900,26656103,קיה קוריאה,2026-09-18,2025-08-17,ליסינג,215/55R17,215/55R17
קיה,נירו פלוס LX 1.6 פלאג- אין הייבריד,2022,84466,אוטומטי,אפור,100900,26655403,קיה קוריאה,2026-09-18,2025-08-21,ליסינג,215/55R17,215/55R17
קיה,סלטוס URBAN 2.0,2023,76134,אוטומטי,אפור בהיר,100900,27339503,קיה קוריאה,2025-12-31,2024-11-25,ליסינג,215/55R17,215/55R17
GEELY,GEOMETRY C 460 חשמלי,2022,33901,אוטומטי,לבן,99900,15660903,גילי סין,2026-06-06,2025-05-25,ליסינג,225/45R18,225/45R18
GEELY,GEOMETRY C 460 חשמלי,2022,39080,אוטומטי,לבן,99900,24165003,גילי סין,2026-08-23,2025-07-10,ליסינג,225/45R18,225/45R18
GEELY,GEOMETRY C 460 חשמלי,2022,40699,אוטומטי,לבן,99900,24164903,גילי סין,2026-08-27,2025-07-17,ליסינג,225/45R18,225/45R18
יונדאי,איוניק PREMIUM FL 1.6 היברידי,2022,92678,אוטומטי,שחור מטלי,99900,63395702,יונדאי קוריאה,2026-01-14,2024-12-23,ליסינג,225/45R17,225/45R17
יונדאי,אלנטרה PREMIUM 1.6 היברידי,2022,90332,אוטומטי,כסף מטלי,99900,15752403,יונדאי קוריאה,2025-09-21,2024-09-10,ליסינג,205/55R16,205/55R16
קיה,סלטוס EX 2.0,2022,70482,אוטומטי,אפור כהה,99900,27270103,קיה קוריאה,2026-11-20,2025-10-29,ליסינג,215/55R17,215/55R17
קיה,סלטוס URBAN 2.0,2023,97313,אוטומטי,אפור כהה,99900,36147803,קיה קוריאה,2026-04-01,2025-03-25,ליסינג,215/55R17,215/55R17
טויוטה,קורולה SUN 1.8 סדאן היברידי,2022,93111,אוטומטי,שחור מטלי,98900,87137802,טויוטה טורקיה,2026-03-29,2025-02-27,ליסינג,205/55R16,205/55R16
סוזוקי,ויטארה GLX 1.3 HYBRID,2023,97015,אוטומטי,אפור מטלי,98900,29769603,סוזוקי הונגריה,2026-04-01,2025-03-11,ליסינג,215/55R17,215/55R17
קיה,נירו פלוס LX 1.6 פלאג- אין הייבריד,2023,105906,אוטומטי,אפור,98900,35373803,קיה קוריאה,2026-02-04,2025-02-02,ליסינג,215/55R17,215/55R17
קיה,נירו פלוס LX 1.6 פלאג- אין הייבריד,2023,109624,אוטומטי,אפור,98900,35372803,קיה קוריאה,2026-02-04,2025-02-02,ליסינג,215/55R17,215/55R17
קיה,סלטוס EX PLUS 2.0,2023,116770,אוטומטי,אפור כהה,98900,35689503,קיה קוריאה,2026-03-26,2025-03-03,ליסינג,215/55R17,215/55R17
קיה,סלטוס URBAN 2.0,2023,86940,אוטומטי,אפור כהה,98900,27339203,קיה קוריאה,2025-12-31,2024-12-19,ליסינג,215/55R17,215/55R17
קיה,סלטוס URBAN 2.0,2023,87952,אוטומטי,אפור כהה,98900,35441303,קיה קוריאה,2026-02-21,2025-02-06,ליסינג,215/55R17,215/55R17
GEELY,GEOMETRY C 460 חשמלי,2022,48418,אוטומטי,לבן,97900,24165503,גילי סין,2026-08-23,2025-08-04,ליסינג,225/45R18,225/45R18
GEELY,GEOMETRY C 460 חשמלי,2022,64670,אוטומטי,כסף,97900,20693703,גילי סין,2026-07-31,2025-07-07,ליסינג,225/45R18,225/45R18
מיצובישי,אקליפס קרוס EXECUTIVE 1.5,2023,100183,אוטומטי,אפור,97900,15885603,מיצובישי יפן,2025-12-31,2024-11-29,ליסינג,P225/55R18,P225/55R18
סקודה,אוקטביה AMBITION 1.5,2022,134611,אוטומטי,אפור כהה,97900,23411703,סקודה צ'כיה,2026-10-31,2025-10-20,ליסינג,205/55 R17,205/55 R17
קיה,נירו פלוס LX 1.6 פלאג- אין הייבריד,2023,100330,אוטומטי,לבן,97900,35377503,קיה קוריאה,2026-01-10,2024-12-22,ליסינג,215/55R17,215/55R17
קיה,נירו פלוס LX 1.6 פלאג- אין הייבריד,2022,85937,אוטומטי,לבן,97900,27059303,קיה קוריאה,2026-11-14,2025-11-10,ליסינג,215/55R17,215/55R17
קיה,נירו פלוס LX 1.6 פלאג- אין הייבריד,2022,86431,אוטומטי,אפור,97900,26835403,קיה קוריאה,2026-10-23,2025-09-12,ליסינג,215/55R17,215/55R17
קיה,נירו פלוס LX 1.6 פלאג- אין הייבריד,2022,86649,אוטומטי,אפור,97900,26835703,קיה קוריאה,2025-11-06,2024-10-29,ליסינג,215/55R17,215/55R17
קיה,נירו פלוס LX 1.6 פלאג- אין הייבריד,2022,86860,אוטומטי,שחור,97900,26689703,קיה קוריאה,2026-10-05,2025-09-21,ליסינג,215/55R17,215/55R17
קיה,נירו פלוס LX 1.6 פלאג- אין הייבריד,2022,88520,אוטומטי,שחור,97900,27057303,קיה קוריאה,2025-11-14,2024-10-29,ליסינג,215/55R17,215/55R17
קיה,נירו פלוס LX 1.6 פלאג- אין הייבריד,2022,90774,אוטומטי,שחור,97900,27057203,קיה קוריאה,2025-11-14,2024-11-05,ליסינג,215/55R17,215/55R17
קיה,נירו פלוס LX 1.6 פלאג- אין הייבריד,2022,92330,אוטומטי,אפור,97900,27058203,קיה קוריאה,2025-11-14,2024-11-06,ליסינג,215/55R17,215/55R17
טויוטה,קורולה SUN 1.8 סדאן היברידי,2022,105264,אוטומטי,כסף מטלי,96900,21667403,טויוטה טורקיה,2026-09-13,2025-09-03,ליסינג,205/55R16,205/55R16
יונדאי,אלנטרה PREMIUM 1.6 היברידי,2022,100555,אוטומטי,לבן,96900,15787303,יונדאי קוריאה,2026-10-23,2025-10-21,ליסינג,205/55R16,205/55R16
יונדאי,אלנטרה PREMIUM 1.6 היברידי,2022,105988,אוטומטי,לבן,96900,15782703,יונדאי קוריאה,2025-10-22,2024-10-01,ליסינג,205/55R16,205/55R16
יונדאי,אלנטרה PREMIUM 1.6 היברידי,2022,106504,אוטומטי,שחור מטלי,96900,15784903,יונדאי קוריאה,2026-10-23,2025-10-22,ליסינג,205/55R16,205/55R16
יונדאי,אלנטרה PREMIUM 1.6 היברידי,2022,66215,אוטומטי,כסף כהה,96900,15783603,יונדאי קוריאה,2026-10-22,2025-09-09,ליסינג,205/55R16,205/55R16
יונדאי,אלנטרה PREMIUM 1.6 היברידי,2022,100519,אוטומטי,לבן,95900,15750003,יונדאי קוריאה,2026-09-21,2025-08-19,ליסינג,205/55R16,205/55R16
יונדאי,אלנטרה PREMIUM 1.6 היברידי,2022,112327,אוטומטי,שחור מטלי,95900,12038703,יונדאי קוריאה,2026-08-02,2025-07-28,ליסינג,205/55R16,205/55R16
יונדאי,אלנטרה PREMIUM 1.6 היברידי,2022,113981,אוטומטי,כסף כהה,95900,15752503,יונדאי קוריאה,2026-09-20,2025-08-11,ליסינג,205/55R16,205/55R16
סיאט,ארונה STYLE 1.0,2023,61952,אוטומטי,לבן,95900,23806303,סיאט ספרד,2026-01-09,2025-01-09,ליסינג,205/60 R16,205/60 R16
סקודה,אוקטביה AMBITION 1.5,2022,111153,אוטומטי,כסף,95900,89162102,סקודה צ'כיה,2026-07-16,2025-07-08,ליסינג,205/55 R17,205/55 R17
קיה,ספורטאז' URBAN 2.0,2022,124603,אוטומטי,שחור,95900,27002903,קיה סלובקיה,2026-10-25,2025-10-15,ליסינג,215/65R17,215/65R17
קיה,סלטוס EX PLUS 2.0,2022,101496,אוטומטי,אפור כהה,94900,17623403,קיה קוריאה,2026-09-05,2025-09-04,ליסינג,215/55R17,215/55R17
GEELY,GEOMETRY C 460 חשמלי,2022,83058,אוטומטי,לבן,93900,24165703,גילי סין,2026-08-23,2025-07-28,ליסינג,225/45R18,225/45R18
קיה,נירו פלוס LX 1.6 פלאג- אין הייבריד,2022,110815,אוטומטי,לבן,93900,27059703,קיה קוריאה,2026-11-14,2025-10-30,ליסינג,215/55R17,215/55R17
קיה,נירו פלוס LX 1.6 פלאג- אין הייבריד,2022,117284,אוטומטי,אפור,93900,26835603,קיה קוריאה,2026-11-06,2025-10-21,ליסינג,215/55R17,215/55R17
קיה,נירו פלוס LX 1.6 פלאג- אין הייבריד,2022,119972,אוטומטי,כסף,93900,26690203,קיה קוריאה,2026-10-05,2025-08-31,ליסינג,215/55R17,215/55R17
קיה,ספורטאז' URBAN 2.0,2022,148389,אוטומטי,ירוק,93900,27313603,קיה סלובקיה,2026-11-22,2025-11-02,ליסינג,215/65R17,215/65R17
GEELY,GEOMETRY C 460 חשמלי,2022,68673,אוטומטי,לבן,92900,15617603,גילי סין,2026-05-07,2025-04-24,ליסינג,225/45R18,225/45R18
GEELY,GEOMETRY C 460 חשמלי,2022,84670,אוטומטי,לבן,92900,15617003,גילי סין,2026-05-01,2025-05-05,ליסינג,225/45R18,225/45R18
טויוטה,קורולה SUN 1.8 סדאן היברידי,2022,123732,אוטומטי,לבן,92900,22137703,טויוטה טורקיה,2026-11-19,2025-10-15,ליסינג,205/55R16,205/55R16
סקודה,קאמיק AMBITION 1.5,2024,101005,אוטומטי,אפור כהה,92900,60725503,סקודה צ'כיה,2026-01-01,2024-01-02,ליסינג,205/60 R16,205/60 R16
קיה,נירו פלוס LX 1.6 פלאג- אין הייבריד,2023,124594,אוטומטי,לבן,92900,35377603,קיה קוריאה,2026-02-04,2025-01-30,ליסינג,215/55R17,215/55R17
קיה,סלטוס URBAN 2.0,2022,90256,אוטומטי,אפור בהיר,92900,17320203,קיה קוריאה,2026-08-09,2025-07-24,ליסינג,215/55R17,215/55R17
קיה,סלטוס URBAN 2.0,2022,93482,אוטומטי,אפור בהיר,92900,17319803,קיה קוריאה,2026-08-09,2025-07-17,ליסינג,215/55R17,215/55R17
טויוטה,קורולה SUN 1.8 סדאן היברידי,2022,104316,אוטומטי,לבן,91900,82167502,טויוטה טורקיה,2026-01-12,2024-12-24,ליסינג,205/55R16,205/55R16
טויוטה,קורולה SUN 1.8 סדאן היברידי,2022,98781,אוטומטי,לבן,91900,87081202,טויוטה טורקיה,2026-03-27,2025-03-19,ליסינג,205/55R16,205/55R16
סוזוקי,ויטארה GLX 1.3 HYBRID,2022,106454,אוטומטי,לבן,91900,10797803,סוזוקי הונגריה,2026-07-11,2025-07-03,ליסינג,215/55R17,215/55R17
קיה,נירו פלוס LX 1.6 פלאג- אין הייבריד,2022,92532,אוטומטי,שחור,91900,26834803,קיה קוריאה,2025-11-06,2024-11-07,ליסינג,215/55R17,215/55R17
קיה,סלטוס URBAN 2.0,2023,128311,אוטומטי,לבן,91900,35442803,קיה קוריאה,2026-02-15,2025-02-03,ליסינג,215/55R17,215/55R17
טויוטה,קורולה SUN 1.8 סדאן היברידי,2022,130994,אוטומטי,לבן,90900,86959902,טויוטה טורקיה,2026-03-23,2025-03-17,ליסינג,205/55R16,205/55R16
יונדאי,באיון PRIME PLUS 1.0,2023,59708,אוטומטי,כסף מטלי,90900,25604203,יונדאי טורקיה,2026-02-01,2025-02-02,ליסינג,205/55R17,205/55R17
יונדאי,באיון PRIME PLUS 1.0,2022,27011,אוטומטי,לבן,90900,16230003,יונדאי טורקיה,2026-09-27,2025-09-28,ליסינג,205/55R17,205/55R17
מיצובישי,אקליפס קרוס INTENSE 1.5,2022,96388,אוטומטי,שחור,90900,15805103,מיצובישי יפן,2025-10-29,2024-10-15,ליסינג,P225/55R18,P225/55R18
קיה,סלטוס URBAN 2.0,2022,101891,אוטומטי,אפור בהיר,90900,26874403,קיה קוריאה,2025-11-06,2024-10-22,ליסינג,215/55R17,215/55R17
קיה,סלטוס URBAN 2.0,2022,92291,אוטומטי,אפור כהה,90900,17624303,קיה קוריאה,2026-09-05,2025-07-30,ליסינג,215/55R17,215/55R17
יונדאי,איוניק PREMIUM FL 1.6 היברידי,2022,108945,אוטומטי,לבן,89900,63389802,יונדאי קוריאה,2026-01-14,2025-01-05,ליסינג,225/45R17,225/45R17
יונדאי,באיון PRIME PLUS 1.0,2023,64268,אוטומטי,לבן,89900,19552603,יונדאי טורקיה,2025-12-31,2024-12-30,ליסינג,205/55R17,205/55R17
יונדאי,וניו INTENSE 1.6,2023,82373,אוטומטי,אפור מטלי,89900,25204203,יונדאי קוריאה,2026-01-08,2024-12-17,ליסינג,185/65R15,185/65R15
קיה,סלטוס URBAN 2.0,2023,105262,אוטומטי,שחור,89900,35833603,קיה קוריאה,2026-03-05,2025-03-05,ליסינג,215/55R17,215/55R17
סיאט,ארונה STYLE 1.0,2023,113140,אוטומטי,לבן,88900,23806403,סיאט ספרד,2026-01-01,2024-12-22,ליסינג,205/60 R16,205/60 R16
סקודה,אוקטביה AMBITION 1.0,2022,96934,אוטומטי,אפור כהה,88900,20813203,סקודה צ'כיה,2026-09-04,2025-08-13,ליסינג,205/55 R17,205/55 R17
קיה,נירו פלוס LX 1.6 פלאג- אין הייבריד,2022,122267,אוטומטי,לבן,88900,26836603,קיה קוריאה,2026-10-29,2025-09-07,ליסינג,215/55R17,215/55R17
קיה,נירו פלוס LX 1.6 פלאג- אין הייבריד,2022,123569,אוטומטי,לבן,88900,26836503,קיה קוריאה,2026-10-23,2025-09-30,ליסינג,215/55R17,215/55R17
קיה,נירו פלוס LX 1.6 פלאג- אין הייבריד,2022,125445,אוטומטי,כסף,88900,26835203,קיה קוריאה,2025-11-06,2024-10-21,ליסינג,215/55R17,215/55R17
יונדאי,איוניק PREMIUM FL 1.6 היברידי,2022,149424,אוטומטי,שחור מטלי,87900,63395302,יונדאי קוריאה,2026-01-14,2025-01-07,ליסינג,225/45R17,225/45R17
יונדאי,באיון PRIME PLUS 1.0,2023,82440,אוטומטי,כסף מטלי,87900,25603803,יונדאי טורקיה,2026-02-01,2025-01-28,ליסינג,205/55R17,205/55R17
סיאט,ארונה STYLE 1.0,2022,87983,אוטומטי,לבן,87900,20822903,סיאט ספרד,2026-09-04,2025-08-07,ליסינג,205/60 R16,205/60 R16
פורד,פוקוס TITANIUM 1.0,2023,91573,אוטומטי,לבן,87900,43102803,פורד גרמניה,2026-05-07,2025-04-24,ליסינג,205/60R16,205/60R16
קיה,סלטוס URBAN 2.0,2022,91678,אוטומטי,אפור,87900,85616102,קיה קוריאה,2026-03-29,2025-03-12,ליסינג,215/55R17,215/55R17
קיה,סלטוס URBAN 2.0,2022,113927,אוטומטי,לבן,86900,17442203,קיה קוריאה,2026-08-21,2025-07-21,ליסינג,215/55R17,215/55R17
יונדאי,אלנטרה PREMIUM 1.6 היברידי,2022,144703,אוטומטי,שחור מטלי,85900,15787103,יונדאי קוריאה,2026-10-23,2025-09-30,ליסינג,205/55R16,205/55R16
GEELY,GEOMETRY C 350 חשמלי,2022,86319,אוטומטי,כחול,84900,34398803,גילי סין,2026-12-14,2025-11-04,פרטי,225/45R18,225/45R18
יונדאי,באיון PRIME PLUS 1.0,2023,70423,אוטומטי,כסף מטלי,84900,25604303,יונדאי טורקיה,2026-02-01,2025-01-27,ליסינג,205/55R17,205/55R17
יונדאי,באיון PRIME PLUS 1.0,2023,91590,אוטומטי,כסף מטלי,84900,25603903,יונדאי טורקיה,2026-02-01,2025-02-02,ליסינג,205/55R17,205/55R17
יונדאי,וניו INTENSE 1.6,2023,104779,אוטומטי,כסף,84900,25202803,יונדאי קוריאה,2026-01-14,2024-12-09,ליסינג,185/65R15,185/65R15
מיצובישי,אקליפס קרוס EXECUTIVE 1.5,2022,141699,אוטומטי,אפור,84900,12051103,מיצובישי יפן,2026-07-11,2025-06-25,ליסינג,P225/55R18,P225/55R18
סיאט,ארונה STYLE 1.0,2022,109357,אוטומטי,לבן,84900,20823203,סיאט ספרד,2026-08-28,2025-08-14,ליסינג,205/60 R16,205/60 R16
קיה,סלטוס URBAN 2.0,2022,104188,אוטומטי,אפור כהה,84900,17319303,קיה קוריאה,2025-08-09,2024-07-14,ליסינג,215/55R17,215/55R17
GEELY,GEOMETRY C 460 חשמלי,2022,106805,אוטומטי,לבן,83900,15660803,גילי סין,2026-05-23,2025-05-14,ליסינג,225/45R18,225/45R18
קיה,נירו פלוס LX 1.6 פלאג- אין הייבריד,2022,146151,אוטומטי,לבן,83900,27059503,קיה קוריאה,2026-11-14,2025-11-06,ליסינג,215/55R17,215/55R17
טויוטה,קורולה SENSE 1.5,2022,69921,אוטומטי,לבן,81900,21645103,טויוטה טורקיה,2026-09-06,2025-08-12,ליסינג,205/55R16,205/55R16
סיאט,ארונה STYLE 1.0,2022,110998,אוטומטי,אפור כהה,81900,83791902,סיאט ספרד,2026-06-13,2025-05-28,ליסינג,205/60 R16,205/60 R16
קיה,סלטוס URBAN 2.0,2023,158896,אוטומטי,לבן,81900,35835903,קיה קוריאה,2026-03-05,2025-02-19,ליסינג,215/55R17,215/55R17
יונדאי,באיון PRIME PLUS 1.0,2023,105633,אוטומטי,לבן,80900,19552003,יונדאי טורקיה,2025-12-31,2024-11-21,ליסינג,205/55R17,205/55R17
יונדאי,באיון PRIME PLUS 1.0,2023,111011,אוטומטי,לבן עם גג שחור,80900,19552703,יונדאי טורקיה,2025-12-31,2024-12-02,ליסינג,205/55R17,205/55R17
טויוטה,קורולה ACTIVE 1.5 סדאן,2023,127077,אוטומטי,לבן,79900,38434603,טויוטה טורקיה,2026-01-31,2025-01-27,ליסינג,195/65R15,195/65R15
סקודה,סקאלה AMBITION 1.0,2023,113124,אוטומטי,כסף מטלי,78900,26343203,סקודה צ'כיה,2026-01-16,2025-01-12,ליסינג,205/55 R16,205/55 R16
מיצובישי,ASX INSTYLE 2.0,2023,138269,אוטומטי,לבן,77900,19366103,מיצובישי יפן,2025-12-31,2024-11-21,ליסינג,P225/55R18,P225/55R18
קיה,סלטוס URBAN 2.0,2022,157948,אוטומטי,לבן,76900,26874603,קיה קוריאה,2026-10-23,2025-09-30,ליסינג,215/55R17,215/55R17
קיה,ספורטאז' URBAN 1.6,2022,110609,אוטומטי,שחור,75900,74264502,קיה סלובקיה,2026-01-12,2024-12-09,ליסינג,215/70R16,215/70R16
יונדאי,באיון PRIME PLUS 1.0,2022,101019,אוטומטי,לבן,73900,16077003,יונדאי טורקיה,2026-09-27,2025-08-14,ליסינג,205/55R17,205/55R17
סוזוקי,ויטארה GLX 1.3 HYBRID,2022,136631,אוטומטי,כסף מטלי,73900,10778303,סוזוקי הונגריה,2026-07-05,2025-07-10,ליסינג,215/55R17,215/55R17
קיה,סטוניק LX 1.0,2022,103283,אוטומטי,אפור כהה,73900,17580603,קיה קוריאה,2026-09-03,2025-08-14,ליסינג,185/65R15,185/65R15
איווייס סין,XCITE U5 פנאי-שטח חשמל אוטומטי 0,2022,94664,אוטומטי,חציל,71900,24313203,איווייס סין,2026-09-04,2025-08-13,ליסינג,215/65R17,215/65R17
יונדאי,אקסנט INSPIRE 1.6,2023,115599,אוטומטי,לבן,69900,19549903,יונדאי הודו,2025-12-31,2024-12-01,ליסינג,185/65R15,185/65R15
אופל,קומבו EDITION PLUS 1.2,2022,65219,אוטומטי,לבן,67900,84520202,אופל-ספרד,2026-05-14,2025-04-06,ליסינג,205/60R16,205/60R16
קיה,ספורטאז' URBAN 1.6,2022,158013,אוטומטי,כסף,66900,81303702,קיה סלובקיה,2026-01-12,2025-01-08,ליסינג,215/70R16,215/70R16
טויוטה,קורולה SENSE 1.5,2022,207727,אוטומטי,לבן,64900,21744503,טויוטה טורקיה,2026-09-18,2025-08-12,ליסינג,205/55R16,205/55R16
דאצ'יה,MPV COMFORT PLUS SPRING חשמל אוטומטי 0,2022,44079,אוטומטי,לבן,49900,67481302,דאציה סין,2026-10-29,2025-10-22,סוחר,165/70R14,165/70R14
